id,delivery_time
8495,769
8496,769
8497,769
8498,769
8499,769
8500,769
8501,769
8502,769
8503,769
8504,769
8505,769
8506,769
8507,769
8508,769
8509,769
8510,769
8511,769
8512,769
8513,769
8514,769
8515,769
8516,769
8517,769
8518,769
8519,769
8520,769
8521,769
8522,769
8523,769
8524,769
8525,769
8526,769
8527,769
8528,769
8529,769
8530,769
8531,769
8532,769
8533,769
8534,769
8535,769
8536,769
8537,769
8538,769
8539,769
8540,769
8541,769
8542,769
8543,769
8544,769
8545,769
8546,769
8547,769
8548,769
8549,769
8550,769
8551,769
8552,769
8553,769
8554,769
8555,769
8556,769
8557,769
8558,769
8559,769
8560,769
8561,769
8562,769
8563,769
8564,769
8565,769
8566,769
8567,769
8568,769
8569,769
8570,769
8571,769
8572,769
8573,769
8574,769
8575,769
8576,769
8577,769
8578,769
8579,769
8580,769
8581,769
8582,769
8583,769
8584,769
8585,769
8586,769
8587,769
8588,769
8589,769
8590,769
8591,769
8592,769
8593,769
8594,769
8595,769
8596,769
8597,769
8598,769
8599,769
8600,769
8601,769
8602,769
8603,769
8604,769
8605,769
8606,769
8607,769
8608,769
8609,769
8610,769
8611,769
8612,769
8613,769
8614,769
8615,769
8616,769
8617,769
8618,769
8619,769
8620,769
8621,769
8622,769
8623,769
8624,769
8625,769
8626,769
8627,769
8628,769
8629,769
8630,769
8631,769
8632,769
8633,769
8634,769
8635,769
8636,769
8637,769
8638,769
8639,769
8640,769
8641,769
8642,769
8643,769
8644,769
8645,769
8646,769
8647,769
8648,769
8649,769
8650,769
8651,769
8652,769
8653,769
8654,769
8655,769
8656,769
8657,769
8658,769
8659,769
8660,769
8661,769
8662,769
8663,769
8664,769
8665,769
8666,769
8667,769
8668,769
8669,769
8670,769
8671,769
8672,769
8673,769
8674,769
8675,769
8676,769
8677,769
8678,769
8679,769
8680,769
8681,769
8682,769
8683,769
8684,769
8685,769
8686,769
8687,769
8688,769
8689,769
8690,769
8691,769
8692,769
8693,769
8694,769
8695,769
8696,769
8697,769
8698,769
8699,769
8700,769
8701,769
8702,769
8703,769
8704,769
8705,769
8706,769
8707,769
8708,769
8709,769
8710,769
8711,769
8712,769
8713,769
8714,769
8715,769
8716,769
8717,769
8718,769
8719,769
8720,769
8721,769
8722,769
8723,769
8724,769
8725,769
8726,769
8727,769
8728,769
8729,769
8730,769
8731,769
8732,769
8733,769
8734,769
8735,769
8736,769
8737,769
8738,769
8739,769
8740,769
8741,769
8742,769
8743,769
8744,769
8745,769
8746,769
8747,769
8748,769
8749,769
8750,769
8751,769
8752,769
8753,769
8754,769
8755,769
8756,769
8757,769
8758,769
8759,769
8760,769
8761,769
8762,769
8763,769
8764,769
8765,769
8766,769
8767,769
8768,769
8769,769
8770,769
8771,769
8772,769
8773,769
8774,769
8775,769
8776,769
8777,769
8778,769
8779,769
8780,769
8781,769
8782,769
8783,769
8784,769
8785,769
8786,769
8787,769
8788,769
8789,769
8790,769
8791,769
8792,769
8793,769
8794,769
8795,769
8796,769
8797,769
8798,769
8799,769
8800,769
8801,769
8802,769
8803,769
8804,769
8805,769
8806,769
8807,769
8808,769
8809,769
8810,769
8811,769
8812,769
8813,769
8814,769
8815,769
8816,769
8817,769
8818,769
8819,769
8820,769
8821,769
8822,769
8823,769
8824,769
8825,769
8826,769
8827,769
8828,769
8829,769
8830,769
8831,769
8832,769
8833,769
8834,769
8835,769
8836,769
8837,769
8838,769
8839,769
8840,769
8841,769
8842,769
8843,769
8844,769
8845,769
8846,769
8847,769
8848,769
8849,769
8850,769
8851,769
8852,769
8853,769
8854,769
8855,769
8856,769
8857,769
8858,769
8859,769
8860,769
8861,769
8862,769
8863,769
8864,769
8865,769
8866,769
8867,769
8868,769
8869,769
8870,769
8871,769
8872,769
8873,769
8874,769
8875,769
8876,769
8877,769
8878,769
8879,769
8880,769
8881,769
8882,769
8883,769
8884,769
8885,769
8886,769
8887,769
8888,769
8889,769
8890,769
8891,769
8892,769
8893,769
8894,769
8895,769
8896,769
8897,769
8898,769
8899,769
8900,769
8901,769
8902,769
8903,769
8904,769
8905,769
8906,769
8907,769
8908,769
8909,769
8910,769
8911,769
8912,769
8913,769
8914,769
8915,769
8916,769
8917,769
8918,769
8919,769
8920,769
8921,769
8922,769
8923,769
8924,769
8925,769
8926,769
8927,769
8928,769
8929,769
8930,769
8931,769
8932,769
8933,769
8934,769
8935,769
8936,769
8937,769
8938,769
8939,769
8940,769
8941,769
8942,769
8943,769
8944,769
8945,769
8946,769
8947,769
8948,769
8949,769
8950,769
8951,769
8952,769
8953,769
8954,769
8955,769
8956,769
8957,769
8958,769
8959,769
8960,769
8961,769
8962,769
8963,769
8964,769
8965,769
8966,769
8967,769
8968,769
8969,769
8970,769
8971,769
8972,769
8973,769
8974,769
8975,769
8976,769
8977,769
8978,769
8979,769
8980,769
8981,769
8982,769
8983,769
8984,769
8985,769
8986,769
8987,769
8988,769
8989,769
8990,769
8991,769
8992,769
8993,769
8994,769
8995,769
8996,769
8997,769
8998,769
8999,769
9000,769
9001,769
9002,769
9003,769
9004,769
9005,769
9006,769
9007,769
9008,769
9009,769
9010,769
9011,769
9012,769
9013,769
9014,769
9015,769
9016,769
9017,769
9018,769
9019,769
9020,769
9021,769
9022,769
9023,769
9024,769
9025,769
9026,769
9027,769
9028,769
9029,769
9030,769
9031,769
9032,769
9033,769
9034,769
9035,769
9036,769
9037,769
9038,769
9039,769
9040,769
9041,769
9042,769
9043,769
9044,769
9045,769
9046,769
9047,769
9048,769
9049,769
9050,769
9051,769
9052,769
9053,769
9054,769
9055,769
9056,769
9057,769
9058,769
9059,769
9060,769
9061,769
9062,769
9063,769
9064,769
9065,769
9066,769
9067,769
9068,769
9069,769
9070,769
9071,769
9072,769
9073,769
9074,769
9075,769
9076,769
9077,769
9078,769
9079,769
9080,769
9081,769
9082,769
9083,769
9084,769
9085,769
9086,769
9087,769
9088,769
9089,769
9090,769
9091,769
9092,769
9093,769
9094,769
9095,769
9096,769
9097,769
9098,769
9099,769
9100,769
9101,769
9102,769
9103,769
9104,769
9105,769
9106,769
9107,769
9108,769
9109,769
9110,769
9111,769
9112,769
9113,769
9114,769
9115,769
9116,769
9117,769
9118,769
9119,769
9120,769
9121,769
9122,769
9123,769
9124,769
9125,769
9126,769
9127,769
9128,769
9129,769
9130,769
9131,769
9132,769
9133,769
9134,769
9135,769
9136,769
9137,769
9138,769
9139,769
9140,769
9141,769
9142,769
9143,769
9144,769
9145,769
9146,769
9147,769
9148,769
9149,769
9150,769
9151,769
9152,769
9153,769
9154,769
9155,769
9156,769
9157,769
9158,769
9159,769
9160,769
9161,769
9162,769
9163,769
9164,769
9165,769
9166,769
9167,769
9168,769
9169,769
9170,769
9171,769
9172,769
9173,769
9174,769
9175,769
9176,769
9177,769
9178,769
9179,769
9180,769
9181,769
9182,769
9183,769
9184,769
9185,769
9186,769
9187,769
9188,769
9189,769
9190,769
9191,769
9192,769
9193,769
9194,769
9195,769
9196,769
9197,769
9198,769
9199,769
9200,769
9201,769
9202,769
9203,769
9204,769
9205,769
9206,769
9207,769
9208,769
9209,769
9210,769
9211,769
9212,769
9213,769
9214,769
9215,769
9216,769
9217,769
9218,769
9219,769
9220,769
9221,769
9222,769
9223,769
9224,769
9225,769
9226,769
9227,769
9228,769
9229,769
9230,769
9231,769
9232,769
9233,769
9234,769
9235,769
9236,769
9237,769
9238,769
9239,769
9240,769
9241,769
9242,769
9243,769
9244,769
9245,769
9246,769
9247,769
9248,769
9249,769
9250,769
9251,769
9252,769
9253,769
9254,769
9255,769
9256,769
9257,769
9258,769
9259,769
9260,769
9261,769
9262,769
9263,769
9264,769
9265,769
9266,769
9267,769
9268,769
9269,769
9270,769
9271,769
9272,769
9273,769
9274,769
9275,769
9276,769
9277,769
9278,769
9279,769
9280,769
9281,769
9282,769
9283,769
9284,769
9285,769
9286,769
9287,769
9288,769
9289,769
9290,769
9291,769
9292,769
9293,769
9294,769
9295,769
9296,769
9297,769
9298,769
9299,769
9300,769
9301,769
9302,769
9303,769
9304,769
9305,769
9306,769
9307,769
9308,769
9309,769
9310,769
9311,769
9312,769
9313,769
9314,769
9315,769
9316,769
9317,769
9318,769
9319,769
9320,769
9321,769
9322,769
9323,769
9324,769
9325,769
9326,769
9327,769
9328,769
9329,769
9330,769
9331,769
9332,769
9333,769
9334,769
9335,769
9336,769
9337,769
9338,769
9339,769
9340,769
9341,769
9342,769
9343,769
9344,769
9345,769
9346,769
9347,769
9348,769
9349,769
9350,769
9351,769
9352,769
9353,769
9354,769
9355,769
9356,769
9357,769
9358,769
9359,769
9360,769
9361,769
9362,769
9363,769
9364,769
9365,769
9366,769
9367,769
9368,769
9369,769
9370,769
9371,769
9372,769
9373,769
9374,769
9375,769
9376,769
9377,769
9378,769
9379,769
9380,769
9381,769
9382,769
9383,769
9384,769
9385,769
9386,769
9387,769
9388,769
9389,769
9390,769
9391,769
9392,769
9393,769
9394,769
9395,769
9396,769
9397,769
9398,769
9399,769
9400,769
9401,769
9402,769
9403,769
9404,769
9405,769
9406,769
9407,769
9408,769
9409,769
9410,769
9411,769
9412,769
9413,769
9414,769
9415,769
9416,769
9417,769
9418,769
9419,769
9420,769
9421,769
9422,769
9423,769
9424,769
9425,769
9426,769
9427,769
9428,769
9429,769
9430,769
9431,769
9432,769
9433,769
9434,769
9435,769
9436,769
9437,769
9438,769
9439,769
9440,769
9441,769
9442,769
9443,769
9444,769
9445,769
9446,769
9447,769
9448,769
9449,769
9450,769
9451,769
9452,769
9453,769
9454,769
9455,769
9456,769
9457,769
9458,769
9459,769
9460,769
9461,769
9462,769
9463,769
9464,769
9465,769
9466,769
9467,769
9468,769
9469,769
9470,769
9471,769
9472,769
9473,769
9474,769
9475,769
9476,769
9477,769
9478,769
9479,769
9480,769
9481,769
9482,769
9483,769
9484,769
9485,769
9486,769
9487,769
9488,769
9489,769
9490,769
9491,769
9492,769
9493,769
9494,769
9495,769
9496,769
9497,769
9498,769
9499,769
9500,769
9501,769
9502,769
9503,769
9504,769
9505,769
9506,769
9507,769
9508,769
9509,769
9510,769
9511,769
9512,769
9513,769
9514,769
9515,769
9516,769
9517,769
9518,769
9519,769
9520,769
9521,769
9522,769
9523,769
9524,769
9525,769
9526,769
9527,769
9528,769
9529,769
9530,769
9531,769
9532,769
9533,769
9534,769
9535,769
9536,769
9537,769
9538,769
9539,769
9540,769
9541,769
9542,769
9543,769
9544,769
9545,769
9546,769
9547,769
9548,769
9549,769
9550,769
9551,769
9552,769
9553,769
9554,769
9555,769
9556,769
9557,769
9558,769
9559,769
9560,769
9561,769
9562,769
9563,769
9564,769
9565,769
9566,769
9567,769
9568,769
9569,769
9570,769
9571,769
9572,769
9573,769
9574,769
9575,769
9576,769
9577,769
9578,769
9579,769
9580,769
9581,769
9582,769
9583,769
9584,769
9585,769
9586,769
9587,769
9588,769
9589,769
9590,769
9591,769
9592,769
9593,769
9594,769
9595,769
9596,769
9597,769
9598,769
9599,769
9600,769
9601,769
9602,769
9603,769
9604,769
9605,769
9606,769
9607,769
9608,769
9609,769
9610,769
9611,769
9612,769
9613,769
9614,769
9615,769
9616,769
9617,769
9618,769
9619,769
9620,769
9621,769
9622,769
9623,769
9624,769
9625,769
9626,769
9627,769
9628,769
9629,769
9630,769
9631,769
9632,769
9633,769
9634,769
9635,769
9636,769
9637,769
9638,769
9639,769
9640,769
9641,769
9642,769
9643,769
9644,769
9645,769
9646,769
9647,769
9648,769
9649,769
9650,769
9651,769
9652,769
9653,769
9654,769
9655,769
9656,769
9657,769
9658,769
9659,769
9660,769
9661,769
9662,769
9663,769
9664,769
9665,769
9666,769
9667,769
9668,769
9669,769
9670,769
9671,769
9672,769
9673,769
9674,769
9675,769
9676,769
9677,769
9678,769
9679,769
9680,769
9681,769
9682,769
9683,769
9684,769
9685,769
9686,769
9687,769
9688,769
9689,769
9690,769
9691,769
9692,769
9693,769
9694,769
9695,769
9696,769
9697,769
9698,769
9699,769
9700,769
9701,769
9702,769
9703,769
9704,769
9705,769
9706,769
9707,769
9708,769
9709,769
9710,769
9711,769
9712,769
9713,769
9714,769
9715,769
9716,769
9717,769
9718,769
9719,769
9720,769
9721,769
9722,769
9723,769
9724,769
9725,769
9726,769
9727,769
9728,769
9729,769
9730,769
9731,769
9732,769
9733,769
9734,769
9735,769
9736,769
9737,769
9738,769
9739,769
9740,769
9741,769
9742,769
9743,769
9744,769
9745,769
9746,769
9747,769
9748,769
9749,769
9750,769
9751,769
9752,769
9753,769
9754,769
9755,769
9756,769
9757,769
9758,769
9759,769
9760,769
9761,769
9762,769
9763,769
9764,769
9765,769
9766,769
9767,769
9768,769
9769,769
9770,769
9771,769
9772,769
9773,769
9774,769
9775,769
9776,769
9777,769
9778,769
9779,769
9780,769
9781,769
9782,769
9783,769
9784,769
9785,769
9786,769
9787,769
9788,769
9789,769
9790,769
9791,769
9792,769
9793,769
9794,769
9795,769
9796,769
9797,769
9798,769
9799,769
9800,769
9801,769
9802,769
9803,769
9804,769
9805,769
9806,769
9807,769
9808,769
9809,769
9810,769
9811,769
9812,769
9813,769
9814,769
9815,769
9816,769
9817,769
9818,769
9819,769
9820,769
9821,769
9822,769
9823,769
9824,769
9825,769
9826,769
9827,769
9828,769
9829,769
9830,769
9831,769
9832,769
9833,769
9834,769
9835,769
9836,769
9837,769
9838,769
9839,769
9840,769
9841,769
9842,769
9843,769
9844,769
9845,769
9846,769
9847,769
9848,769
9849,769
9850,769
9851,769
9852,769
9853,769
9854,769
9855,769
9856,769
9857,769
9858,769
9859,769
9860,769
9861,769
9862,769
9863,769
9864,769
9865,769
9866,769
9867,769
9868,769
9869,769
9870,769
9871,769
9872,769
9873,769
9874,769
9875,769
9876,769
9877,769
9878,769
9879,769
9880,769
9881,769
9882,769
9883,769
9884,769
9885,769
9886,769
9887,769
9888,769
9889,769
9890,769
9891,769
9892,769
9893,769
9894,769
9895,769
9896,769
9897,769
9898,769
9899,769
9900,769
9901,769
9902,769
9903,769
9904,769
9905,769
9906,769
9907,769
9908,769
9909,769
9910,769
9911,769
9912,769
9913,769
9914,769
9915,769
9916,769
9917,769
9918,769
9919,769
9920,769
9921,769
9922,769
9923,769
9924,769
9925,769
9926,769
9927,769
9928,769
9929,769
9930,769
9931,769
9932,769
9933,769
9934,769
9935,769
9936,769
9937,769
9938,769
9939,769
9940,769
9941,769
9942,769
9943,769
9944,769
9945,769
9946,769
9947,769
9948,769
9949,769
9950,769
9951,769
9952,769
9953,769
9954,769
9955,769
9956,769
9957,769
9958,769
9959,769
9960,769
9961,769
9962,769
9963,769
9964,769
9965,769
9966,769
9967,769
9968,769
9969,769
9970,769
9971,769
9972,769
9973,769
9974,769
9975,769
9976,769
9977,769
9978,769
9979,769
9980,769
9981,769
9982,769
9983,769
9984,769
9985,769
9986,769
9987,769
9988,769
9989,769
9990,769
9991,769
9992,769
9993,769
9994,769
9995,769
9996,769
9997,769
9998,769
9999,769
10000,769
10001,769
10002,769
10003,769
10004,769
10005,769
10006,769
10007,769
10008,769
10009,769
10010,769
10011,769
10012,769
10013,769
10014,769
10015,769
10016,769
10017,769
10018,769
10019,769
10020,769
10021,769
10022,769
10023,769
10024,769
10025,769
10026,769
10027,769
10028,769
10029,769
10030,769
10031,769
10032,769
10033,769
10034,769
10035,769
10036,769
10037,769
10038,769
10039,769
10040,769
10041,769
10042,769
10043,769
10044,769
10045,769
10046,769
10047,769
10048,769
10049,769
10050,769
10051,769
10052,769
10053,769
10054,769
10055,769
10056,769
10057,769
10058,769
10059,769
10060,769
10061,769
10062,769
10063,769
10064,769
10065,769
10066,769
10067,769
10068,769
10069,769
10070,769
10071,769
10072,769
10073,769
10074,769
10075,769
10076,769
10077,769
10078,769
10079,769
10080,769
10081,769
10082,769
10083,769
10084,769
10085,769
10086,769
10087,769
10088,769
10089,769
10090,769
10091,769
10092,769
10093,769
10094,769
10095,769
10096,769
10097,769
10098,769
10099,769
10100,769
10101,769
10102,769
10103,769
10104,769
10105,769
10106,769
10107,769
10108,769
10109,769
10110,769
10111,769
10112,769
10113,769
10114,769
10115,769
10116,769
10117,769
10118,769
10119,769
10120,769
10121,769
10122,769
10123,769
10124,769
10125,769
10126,769
10127,769
10128,769
10129,769
10130,769
10131,769
10132,769
10133,769
10134,769
10135,769
10136,769
10137,769
10138,769
10139,769
10140,769
10141,769
10142,769
10143,769
10144,769
10145,769
10146,769
10147,769
10148,769
10149,769
10150,769
10151,769
10152,769
10153,769
10154,769
10155,769
10156,769
10157,769
10158,769
10159,769
10160,769
10161,769
10162,769
10163,769
10164,769
10165,769
10166,769
10167,769
10168,769
10169,769
10170,769
10171,769
10172,769
10173,769
10174,769
10175,769
10176,769
10177,769
10178,769
10179,769
10180,769
10181,769
10182,769
10183,769
10184,769
10185,769
10186,769
10187,769
10188,769
10189,769
10190,769
10191,769
10192,769
10193,769
10194,769
10195,769
10196,769
10197,769
10198,769
10199,769
10200,769
10201,769
10202,769
10203,769
10204,769
10205,769
10206,769
10207,769
10208,769
10209,769
10210,769
10211,769
10212,769
10213,769
10214,769
10215,769
10216,769
10217,769
10218,769
10219,769
10220,769
10221,769
10222,769
10223,769
10224,769
10225,769
10226,769
10227,769
10228,769
10229,769
10230,769
10231,769
10232,769
10233,769
10234,769
10235,769
10236,769
10237,769
10238,769
10239,769
10240,769
10241,769
10242,769
10243,769
10244,769
10245,769
10246,769
10247,769
10248,769
10249,769
10250,769
10251,769
10252,769
10253,769
10254,769
10255,769
10256,769
10257,769
10258,769
10259,769
10260,769
10261,769
10262,769
10263,769
10264,769
10265,769
10266,769
10267,769
10268,769
10269,769
10270,769
10271,769
10272,769
10273,769
10274,769
10275,769
10276,769
10277,769
10278,769
10279,769
10280,769
10281,769
10282,769
10283,769
10284,769
10285,769
10286,769
10287,769
10288,769
10289,769
10290,769
10291,769
10292,769
10293,769
10294,769
10295,769
10296,769
10297,769
10298,769
10299,769
10300,769
10301,769
10302,769
10303,769
10304,769
10305,769
10306,769
10307,769
10308,769
10309,769
10310,769
10311,769
10312,769
10313,769
10314,769
10315,769
10316,769
10317,769
10318,769
10319,769
10320,769
10321,769
10322,769
10323,769
10324,769
10325,769
10326,769
10327,769
10328,769
10329,769
10330,769
10331,769
10332,769
10333,769
10334,769
10335,769
10336,769
10337,769
10338,769
10339,769
10340,769
10341,769
10342,769
10343,769
10344,769
10345,769
10346,769
10347,769
10348,769
10349,769
10350,769
10351,769
10352,769
10353,769
10354,769
10355,769
10356,769
10357,769
10358,769
10359,769
10360,769
10361,769
10362,769
10363,769
10364,769
10365,769
10366,769
10367,769
10368,769
10369,769
10370,769
10371,769
10372,769
10373,769
10374,769
10375,769
10376,769
10377,769
10378,769
10379,769
10380,769
10381,769
10382,769
10383,769
10384,769
10385,769
10386,769
10387,769
10388,769
10389,769
10390,769
10391,769
10392,769
10393,769
10394,769
10395,769
10396,769
10397,769
10398,769
10399,769
10400,769
10401,769
10402,769
10403,769
10404,769
10405,769
10406,769
10407,769
10408,769
10409,769
10410,769
10411,769
10412,769
10413,769
10414,769
10415,769
10416,769
10417,769
10418,769
10419,769
10420,769
10421,769
10422,769
10423,769
10424,769
10425,769
10426,769
10427,769
10428,769
10429,769
10430,769
10431,769
10432,769
10433,769
10434,769
10435,769
10436,769
10437,769
10438,769
10439,769
10440,769
10441,769
10442,769
10443,769
10444,769
10445,769
10446,769
10447,769
10448,769
10449,769
10450,769
10451,769
10452,769
10453,769
10454,769
10455,769
10456,769
10457,769
10458,769
10459,769
10460,769
10461,769
10462,769
10463,769
10464,769
10465,769
10466,769
10467,769
10468,769
10469,769
10470,769
10471,769
10472,769
10473,769
10474,769
10475,769
10476,769
10477,769
10478,769
10479,769
10480,769
10481,769
10482,769
10483,769
10484,769
10485,769
10486,769
10487,769
10488,769
10489,769
10490,769
10491,769
10492,769
10493,769
10494,769
10495,769
10496,769
10497,769
10498,769
10499,769
10500,769
10501,769
10502,769
10503,769
10504,769
10505,769
10506,769
10507,769
10508,769
10509,769
10510,769
10511,769
10512,769
10513,769
10514,769
10515,769
10516,769
10517,769
10518,769
10519,769
10520,769
10521,769
10522,769
10523,769
10524,769
10525,769
10526,769
10527,769
10528,769
10529,769
10530,769
10531,769
10532,769
10533,769
10534,769
10535,769
10536,769
10537,769
10538,769
10539,769
10540,769
10541,769
10542,769
10543,769
10544,769
10545,769
10546,769
10547,769
10548,769
10549,769
10550,769
10551,769
10552,769
10553,769
10554,769
10555,769
10556,769
10557,769
10558,769
10559,769
10560,769
10561,769
10562,769
10563,769
10564,769
10565,769
10566,769
10567,769
10568,769
10569,769
10570,769
10571,769
10572,769
10573,769
10574,769
10575,769
10576,769
10577,769
10578,769
10579,769
10580,769
10581,769
10582,769
10583,769
10584,769
10585,769
10586,769
10587,769
10588,769
10589,769
10590,769
10591,769
10592,769
10593,769
10594,769
10595,769
10596,769
10597,769
10598,769
10599,769
10600,769
10601,769
10602,769
10603,769
10604,769
10605,769
10606,769
10607,769
10608,769
10609,769
10610,769
10611,769
10612,769
10613,769
10614,769
10615,769
10616,769
10617,769
10618,769
10619,769
10620,769
10621,769
10622,769
10623,769
10624,769
10625,769
10626,769
10627,769
10628,769
10629,769
10630,769
10631,769
10632,769
10633,769
10634,769
10635,769
10636,769
10637,769
10638,769
10639,769
10640,769
10641,769
10642,769
10643,769
10644,769
10645,769
10646,769
10647,769
10648,769
10649,769
10650,769
10651,769
10652,769
10653,769
10654,769
10655,769
10656,769
10657,769
10658,769
10659,769
10660,769
10661,769
10662,769
10663,769
10664,769
10665,769
10666,769
10667,769
10668,769
10669,769
10670,769
10671,769
10672,769
10673,769
10674,769
10675,769
10676,769
10677,769
10678,769
10679,769
10680,769
10681,769
10682,769
10683,769
10684,769
10685,769
10686,769
10687,769
10688,769
10689,769
10690,769
10691,769
10692,769
10693,769
10694,769
10695,769
10696,769
10697,769
10698,769
10699,769
10700,769
10701,769
10702,769
10703,769
10704,769
10705,769
10706,769
10707,769
10708,769
10709,769
10710,769
10711,769
10712,769
10713,769
10714,769
10715,769
10716,769
10717,769
10718,769
10719,769
10720,769
10721,769
10722,769
10723,769
10724,769
10725,769
10726,769
10727,769
10728,769
10729,769
10730,769
10731,769
10732,769
10733,769
10734,769
10735,769
10736,769
10737,769
10738,769
10739,769
10740,769
10741,769
10742,769
10743,769
10744,769
10745,769
10746,769
10747,769
10748,769
10749,769
10750,769
10751,769
10752,769
10753,769
10754,769
10755,769
10756,769
10757,769
10758,769
10759,769
10760,769
10761,769
10762,769
10763,769
10764,769
10765,769
10766,769
10767,769
10768,769
10769,769
10770,769
10771,769
10772,769
10773,769
10774,769
10775,769
10776,769
10777,769
10778,769
10779,769
10780,769
10781,769
10782,769
10783,769
10784,769
10785,769
10786,769
10787,769
10788,769
10789,769
10790,769
10791,769
10792,769
10793,769
10794,769
10795,769
10796,769
10797,769
10798,769
10799,769
10800,769
10801,769
10802,769
10803,769
10804,769
10805,769
10806,769
10807,769
10808,769
10809,769
10810,769
10811,769
10812,769
10813,769
10814,769
10815,769
10816,769
10817,769
10818,769
10819,769
10820,769
10821,769
10822,769
10823,769
10824,769
10825,769
10826,769
10827,769
10828,769
10829,769
10830,769
10831,769
10832,769
10833,769
10834,769
10835,769
10836,769
10837,769
10838,769
10839,769
10840,769
10841,769
10842,769
10843,769
10844,769
10845,769
10846,769
10847,769
10848,769
10849,769
10850,769
10851,769
10852,769
10853,769
10854,769
10855,769
10856,769
10857,769
10858,769
10859,769
10860,769
10861,769
10862,769
10863,769
10864,769
10865,769
10866,769
10867,769
10868,769
10869,769
10870,769
10871,769
10872,769
10873,769
10874,769
10875,769
10876,769
10877,769
10878,769
10879,769
10880,769
10881,769
10882,769
10883,769
10884,769
10885,769
10886,769
10887,769
10888,769
10889,769
10890,769
10891,769
10892,769
10893,769
10894,769
10895,769
10896,769
10897,769
10898,769
10899,769
10900,769
10901,769
10902,769
10903,769
10904,769
10905,769
10906,769
10907,769
10908,769
10909,769
10910,769
10911,769
10912,769
10913,769
10914,769
10915,769
10916,769
10917,769
10918,769
10919,769
10920,769
10921,769
10922,769
10923,769
10924,769
10925,769
10926,769
10927,769
10928,769
10929,769
10930,769
10931,769
10932,769
10933,769
10934,769
10935,769
10936,769
10937,769
10938,769
10939,769
10940,769
10941,769
10942,769
10943,769
10944,769
10945,769
10946,769
10947,769
10948,769
10949,769
10950,769
10951,769
10952,769
10953,769
10954,769
10955,769
10956,769
10957,769
10958,769
10959,769
10960,769
10961,769
10962,769
10963,769
10964,769
10965,769
10966,769
10967,769
10968,769
10969,769
10970,769
10971,769
10972,769
10973,769
10974,769
10975,769
10976,769
10977,769
10978,769
10979,769
10980,769
10981,769
10982,769
10983,769
10984,769
10985,769
10986,769
10987,769
10988,769
10989,769
10990,769
10991,769
10992,769
10993,769
10994,769
10995,769
10996,769
10997,769
10998,769
10999,769
11000,769
11001,769
11002,769
11003,769
11004,769
11005,769
11006,769
11007,769
11008,769
11009,769
11010,769
11011,769
11012,769
11013,769
11014,769
11015,769
11016,769
11017,769
11018,769
11019,769
11020,769
11021,769
11022,769
11023,769
11024,769
11025,769
11026,769
11027,769
11028,769
11029,769
11030,769
11031,769
11032,769
11033,769
11034,769
11035,769
11036,769
11037,769
11038,769
11039,769
11040,769
11041,769
11042,769
11043,769
11044,769
11045,769
11046,769
11047,769
11048,769
11049,769
11050,769
11051,769
11052,769
11053,769
11054,769
11055,769
11056,769
11057,769
11058,769
11059,769
11060,769
11061,769
11062,769
11063,769
11064,769
11065,769
11066,769
11067,769
11068,769
11069,769
11070,769
11071,769
11072,769
11073,769
11074,769
11075,769
11076,769
11077,769
11078,769
11079,769
11080,769
11081,769
11082,769
11083,769
11084,769
11085,769
11086,769
11087,769
11088,769
11089,769
11090,769
11091,769
11092,769
11093,769
11094,769
11095,769
11096,769
11097,769
11098,769
11099,769
11100,769
11101,769
11102,769
11103,769
11104,769
11105,769
11106,769
11107,769
11108,769
11109,769
11110,769
11111,769
11112,769
11113,769
11114,769
11115,769
11116,769
11117,769
11118,769
11119,769
11120,769
11121,769
11122,769
11123,769
11124,769
11125,769
11126,769
11127,769
11128,769
11129,769
11130,769
11131,769
11132,769
11133,769
11134,769
11135,769
11136,769
11137,769
11138,769
11139,769
11140,769
11141,769
11142,769
11143,769
11144,769
11145,769
11146,769
11147,769
11148,769
11149,769
11150,769
11151,769
11152,769
11153,769
11154,769
11155,769
11156,769
11157,769
11158,769
11159,769
11160,769
11161,769
11162,769
11163,769
11164,769
11165,769
11166,769
11167,769
11168,769
11169,769
11170,769
11171,769
11172,769
11173,769
11174,769
11175,769
11176,769
11177,769
11178,769
11179,769
11180,769
11181,769
11182,769
11183,769
11184,769
11185,769
11186,769
11187,769
11188,769
11189,769
11190,769
11191,769
11192,769
11193,769
11194,769
11195,769
11196,769
11197,769
11198,769
11199,769
11200,769
11201,769
11202,769
11203,769
11204,769
11205,769
11206,769
11207,769
11208,769
11209,769
11210,769
11211,769
11212,769
11213,769
11214,769
11215,769
11216,769
11217,769
11218,769
11219,769
11220,769
11221,769
11222,769
11223,769
11224,769
11225,769
11226,769
11227,769
11228,769
11229,769
11230,769
11231,769
11232,769
11233,769
11234,769
11235,769
11236,769
11237,769
11238,769
11239,769
11240,769
11241,769
11242,769
11243,769
11244,769
11245,769
11246,769
11247,769
11248,769
11249,769
11250,769
11251,769
11252,769
11253,769
11254,769
11255,769
11256,769
11257,769
11258,769
11259,769
11260,769
11261,769
11262,769
11263,769
11264,769
11265,769
11266,769
11267,769
11268,769
11269,769
11270,769
11271,769
11272,769
11273,769
11274,769
11275,769
11276,769
11277,769
11278,769
11279,769
11280,769
11281,769
11282,769
11283,769
11284,769
11285,769
11286,769
11287,769
11288,769
11289,769
11290,769
11291,769
11292,769
11293,769
11294,769
11295,769
11296,769
11297,769
11298,769
11299,769
11300,769
11301,769
11302,769
11303,769
11304,769
11305,769
11306,769
11307,769
11308,769
11309,769
11310,769
11311,769
11312,769
11313,769
11314,769
11315,769
11316,769
11317,769
11318,769
11319,769
11320,769
11321,769
11322,769
11323,769
11324,769
11325,769
11326,769
11327,769
11328,769
11329,769
11330,769
11331,769
11332,769
11333,769
11334,769
11335,769
11336,769
11337,769
11338,769
11339,769
11340,769
11341,769
11342,769
11343,769
11344,769
11345,769
11346,769
11347,769
11348,769
11349,769
11350,769
11351,769
11352,769
11353,769
11354,769
11355,769
11356,769
11357,769
11358,769
11359,769
11360,769
11361,769
11362,769
11363,769
11364,769
11365,769
11366,769
11367,769
11368,769
11369,769
11370,769
11371,769
11372,769
11373,769
11374,769
11375,769
11376,769
11377,769
11378,769
11379,769
11380,769
11381,769
11382,769
11383,769
11384,769
11385,769
11386,769
11387,769
11388,769
11389,769
11390,769
11391,769
11392,769
11393,769
11394,769
11395,769
11396,769
11397,769
11398,769
11399,769
11400,769
11401,769
11402,769
11403,769
11404,769
11405,769
11406,769
11407,769
11408,769
11409,769
11410,769
11411,769
11412,769
11413,769
11414,769
11415,769
11416,769
11417,769
11418,769
11419,769
11420,769
11421,769
11422,769
11423,769
11424,769
11425,769
11426,769
11427,769
11428,769
11429,769
11430,769
11431,769
11432,769
11433,769
11434,769
11435,769
11436,769
11437,769
11438,769
11439,769
11440,769
11441,769
11442,769
11443,769
11444,769
11445,769
11446,769
11447,769
11448,769
11449,769
11450,769
11451,769
11452,769
11453,769
11454,769
11455,769
11456,769
11457,769
11458,769
11459,769
11460,769
11461,769
11462,769
11463,769
11464,769
11465,769
11466,769
11467,769
11468,769
11469,769
11470,769
11471,769
11472,769
11473,769
11474,769
11475,769
11476,769
11477,769
11478,769
11479,769
11480,769
11481,769
11482,769
11483,769
11484,769
11485,769
11486,769
11487,769
11488,769
11489,769
11490,769
11491,769
11492,769
11493,769
11494,769
11495,769
11496,769
11497,769
11498,769
11499,769
11500,769
11501,769
11502,769
11503,769
11504,769
11505,769
11506,769
11507,769
11508,769
11509,769
11510,769
11511,769
11512,769
11513,769
11514,769
11515,769
11516,769
11517,769
11518,769
11519,769
11520,769
11521,769
11522,769
11523,769
11524,769
11525,769
11526,769
11527,769
11528,769
11529,769
11530,769
11531,769
11532,769
11533,769
11534,769
11535,769
11536,769
11537,769
11538,769
11539,769
11540,769
11541,769
11542,769
11543,769
11544,769
11545,769
11546,769
11547,769
11548,769
11549,769
11550,769
11551,769
11552,769
11553,769
11554,769
11555,769
11556,769
11557,769
11558,769
11559,769
11560,769
11561,769
11562,769
11563,769
11564,769
11565,769
11566,769
11567,769
11568,769
11569,769
11570,769
11571,769
11572,769
11573,769
11574,769
11575,769
11576,769
11577,769
11578,769
11579,769
11580,769
11581,769
11582,769
11583,769
11584,769
11585,769
11586,769
11587,769
11588,769
11589,769
11590,769
11591,769
11592,769
11593,769
11594,769
11595,769
11596,769
11597,769
11598,769
11599,769
11600,769
11601,769
11602,769
11603,769
11604,769
11605,769
11606,769
11607,769
11608,769
11609,769
11610,769
11611,769
11612,769
11613,769
11614,769
11615,769
11616,769
11617,769
11618,769
11619,769
11620,769
11621,769
11622,769
11623,769
11624,769
11625,769
11626,769
11627,769
11628,769
11629,769
11630,769
11631,769
11632,769
11633,769
11634,769
11635,769
11636,769
11637,769
11638,769
11639,769
11640,769
11641,769
11642,769
11643,769
11644,769
11645,769
11646,769
11647,769
11648,769
11649,769
11650,769
11651,769
11652,769
11653,769
11654,769
11655,769
11656,769
11657,769
11658,769
11659,769
11660,769
11661,769
11662,769
11663,769
11664,769
11665,769
11666,769
11667,769
11668,769
11669,769
11670,769
11671,769
11672,769
11673,769
11674,769
11675,769
11676,769
11677,769
11678,769
11679,769
11680,769
11681,769
11682,769
11683,769
11684,769
11685,769
11686,769
11687,769
11688,769
11689,769
11690,769
11691,769
11692,769
11693,769
11694,769
11695,769
11696,769
11697,769
11698,769
11699,769
11700,769
11701,769
11702,769
11703,769
11704,769
11705,769
11706,769
11707,769
11708,769
11709,769
11710,769
11711,769
11712,769
11713,769
11714,769
11715,769
11716,769
11717,769
11718,769
11719,769
11720,769
11721,769
11722,769
11723,769
11724,769
11725,769
11726,769
11727,769
11728,769
11729,769
11730,769
11731,769
11732,769
11733,769
11734,769
11735,769
11736,769
11737,769
11738,769
11739,769
11740,769
11741,769
11742,769
11743,769
11744,769
11745,769
11746,769
11747,769
11748,769
11749,769
11750,769
11751,769
11752,769
11753,769
11754,769
11755,769
11756,769
11757,769
11758,769
11759,769
11760,769
11761,769
11762,769
11763,769
11764,769
11765,769
11766,769
11767,769
11768,769
11769,769
11770,769
11771,769
11772,769
11773,769
11774,769
11775,769
11776,769
11777,769
11778,769
11779,769
11780,769
11781,769
11782,769
11783,769
11784,769
11785,769
11786,769
11787,769
11788,769
11789,769
11790,769
11791,769
11792,769
11793,769
11794,769
11795,769
11796,769
11797,769
11798,769
11799,769
11800,769
11801,769
11802,769
11803,769
11804,769
11805,769
11806,769
11807,769
11808,769
11809,769
11810,769
11811,769
11812,769
11813,769
11814,769
11815,769
11816,769
11817,769
11818,769
11819,769
11820,769
11821,769
11822,769
11823,769
11824,769
11825,769
11826,769
11827,769
11828,769
11829,769
11830,769
11831,769
11832,769
11833,769
11834,769
11835,769
11836,769
11837,769
11838,769
11839,769
11840,769
11841,769
11842,769
11843,769
11844,769
11845,769
11846,769
11847,769
11848,769
11849,769
11850,769
11851,769
11852,769
11853,769
11854,769
11855,769
11856,769
11857,769
11858,769
11859,769
11860,769
11861,769
11862,769
11863,769
11864,769
11865,769
11866,769
11867,769
11868,769
11869,769
11870,769
11871,769
11872,769
11873,769
11874,769
11875,769
11876,769
11877,769
11878,769
11879,769
11880,769
11881,769
11882,769
11883,769
11884,769
11885,769
11886,769
11887,769
11888,769
11889,769
11890,769
11891,769
11892,769
11893,769
11894,769
11895,769
11896,769
11897,769
11898,769
11899,769
11900,769
11901,769
11902,769
11903,769
11904,769
11905,769
11906,769
11907,769
11908,769
11909,769
11910,769
11911,769
11912,769
11913,769
11914,769
11915,769
11916,769
11917,769
11918,769
11919,769
11920,769
11921,769
11922,769
11923,769
11924,769
11925,769
11926,769
11927,769
11928,769
11929,769
11930,769
11931,769
11932,769
11933,769
11934,769
11935,769
11936,769
11937,769
11938,769
11939,769
11940,769
11941,769
11942,769
11943,769
11944,769
11945,769
11946,769
11947,769
11948,769
11949,769
11950,769
11951,769
11952,769
11953,769
11954,769
11955,769
11956,769
11957,769
11958,769
11959,769
11960,769
11961,769
11962,769
11963,769
11964,769
11965,769
11966,769
11967,769
11968,769
11969,769
11970,769
11971,769
11972,769
11973,769
11974,769
11975,769
11976,769
11977,769
11978,769
11979,769
11980,769
11981,769
11982,769
11983,769
11984,769
11985,769
11986,769
11987,769
11988,769
11989,769
11990,769
11991,769
11992,769
11993,769
11994,769
11995,769
11996,769
11997,769
11998,769
11999,769
12000,769
12001,769
12002,769
12003,769
12004,769
12005,769
12006,769
12007,769
12008,769
12009,769
12010,769
12011,769
12012,769
12013,769
12014,769
12015,769
12016,769
12017,769
12018,769
12019,769
12020,769
12021,769
12022,769
12023,769
12024,769
12025,769
12026,769
12027,769
12028,769
12029,769
12030,769
12031,769
12032,769
12033,769
12034,769
12035,769
12036,769
12037,769
12038,769
12039,769
12040,769
12041,769
12042,769
12043,769
12044,769
12045,769
12046,769
12047,769
12048,769
12049,769
12050,769
12051,769
12052,769
12053,769
12054,769
12055,769
12056,769
12057,769
12058,769
12059,769
12060,769
12061,769
12062,769
12063,769
12064,769
12065,769
12066,769
12067,769
12068,769
12069,769
12070,769
12071,769
12072,769
12073,769
12074,769
12075,769
12076,769
12077,769
12078,769
12079,769
12080,769
12081,769
12082,769
12083,769
12084,769
12085,769
12086,769
12087,769
12088,769
12089,769
12090,769
12091,769
12092,769
12093,769
12094,769
12095,769
12096,769
12097,769
12098,769
12099,769
12100,769
12101,769
12102,769
12103,769
12104,769
12105,769
12106,769
12107,769
12108,769
12109,769
12110,769
12111,769
12112,769
12113,769
12114,769
12115,769
12116,769
12117,769
12118,769
12119,769
12120,769
12121,769
12122,769
12123,769
12124,769
12125,769
12126,769
12127,769
12128,769
12129,769
12130,769
12131,769
12132,769
12133,769
12134,769
12135,769
12136,769
12137,769
12138,769
12139,769
12140,769
12141,769
12142,769
12143,769
12144,769
12145,769
12146,769
12147,769
12148,769
12149,769
12150,769
12151,769
12152,769
12153,769
12154,769
12155,769
12156,769
12157,769
12158,769
12159,769
12160,769
12161,769
12162,769
12163,769
12164,769
12165,769
12166,769
12167,769
12168,769
12169,769
12170,769
12171,769
12172,769
12173,769
12174,769
12175,769
12176,769
12177,769
12178,769
12179,769
12180,769
12181,769
12182,769
12183,769
12184,769
12185,769
12186,769
12187,769
12188,769
12189,769
12190,769
12191,769
12192,769
12193,769
12194,769
12195,769
12196,769
12197,769
12198,769
12199,769
12200,769
12201,769
12202,769
12203,769
12204,769
12205,769
12206,769
12207,769
12208,769
12209,769
12210,769
12211,769
12212,769
12213,769
12214,769
12215,769
12216,769
12217,769
12218,769
12219,769
12220,769
12221,769
12222,769
12223,769
12224,769
12225,769
12226,769
12227,769
12228,769
12229,769
12230,769
12231,769
12232,769
12233,769
12234,769
12235,769
12236,769
12237,769
12238,769
12239,769
12240,769
12241,769
12242,769
12243,769
12244,769
12245,769
12246,769
12247,769
12248,769
12249,769
12250,769
12251,769
12252,769
12253,769
12254,769
12255,769
12256,769
12257,769
12258,769
12259,769
12260,769
12261,769
12262,769
12263,769
12264,769
12265,769
12266,769
12267,769
12268,769
12269,769
12270,769
12271,769
12272,769
12273,769
12274,769
12275,769
12276,769
12277,769
12278,769
12279,769
12280,769
12281,769
12282,769
12283,769
12284,769
12285,769
12286,769
12287,769
12288,769
12289,769
12290,769
12291,769
12292,769
12293,769
12294,769
12295,769
12296,769
12297,769
12298,769
12299,769
12300,769
12301,769
12302,769
12303,769
12304,769
12305,769
12306,769
12307,769
12308,769
12309,769
12310,769
12311,769
12312,769
12313,769
12314,769
12315,769
12316,769
12317,769
12318,769
12319,769
12320,769
12321,769
12322,769
12323,769
12324,769
12325,769
12326,769
12327,769
12328,769
12329,769
12330,769
12331,769
12332,769
12333,769
12334,769
12335,769
12336,769
12337,769
12338,769
12339,769
12340,769
12341,769
12342,769
12343,769
12344,769
12345,769
12346,769
12347,769
12348,769
12349,769
12350,769
12351,769
12352,769
12353,769
12354,769
12355,769
12356,769
12357,769
12358,769
12359,769
12360,769
12361,769
12362,769
12363,769
12364,769
12365,769
12366,769
12367,769
12368,769
12369,769
12370,769
12371,769
12372,769
12373,769
12374,769
12375,769
12376,769
12377,769
12378,769
12379,769
12380,769
12381,769
12382,769
12383,769
12384,769
12385,769
12386,769
12387,769
12388,769
12389,769
12390,769
12391,769
12392,769
12393,769
12394,769
12395,769
12396,769
12397,769
12398,769
12399,769
12400,769
12401,769
12402,769
12403,769
12404,769
12405,769
12406,769
12407,769
12408,769
12409,769
12410,769
12411,769
12412,769
12413,769
12414,769
12415,769
12416,769
12417,769
12418,769
12419,769
12420,769
12421,769
12422,769
12423,769
12424,769
12425,769
12426,769
12427,769
12428,769
12429,769
12430,769
12431,769
12432,769
12433,769
12434,769
12435,769
12436,769
12437,769
12438,769
12439,769
12440,769
12441,769
12442,769
12443,769
12444,769
12445,769
12446,769
12447,769
12448,769
12449,769
12450,769
12451,769
12452,769
12453,769
12454,769
12455,769
12456,769
12457,769
12458,769
12459,769
12460,769
12461,769
12462,769
12463,769
12464,769
12465,769
12466,769
12467,769
12468,769
12469,769
12470,769
12471,769
12472,769
12473,769
12474,769
12475,769
12476,769
12477,769
12478,769
12479,769
12480,769
12481,769
12482,769
12483,769
12484,769
12485,769
12486,769
12487,769
12488,769
12489,769
12490,769
12491,769
12492,769
12493,769
12494,769
12495,769
12496,769
12497,769
12498,769
12499,769
12500,769
12501,769
12502,769
12503,769
12504,769
12505,769
12506,769
12507,769
12508,769
12509,769
12510,769
12511,769
12512,769
12513,769
12514,769
12515,769
12516,769
12517,769
12518,769
12519,769
12520,769
12521,769
12522,769
12523,769
12524,769
12525,769
12526,769
12527,769
12528,769
12529,769
12530,769
12531,769
12532,769
12533,769
12534,769
12535,769
12536,769
12537,769
12538,769
12539,769
12540,769
12541,769
12542,769
12543,769
12544,769
12545,769
12546,769
12547,769
12548,769
12549,769
12550,769
12551,769
12552,769
12553,769
12554,769
12555,769
12556,769
12557,769
12558,769
12559,769
12560,769
12561,769
12562,769
12563,769
12564,769
12565,769
12566,769
12567,769
12568,769
12569,769
12570,769
12571,769
12572,769
12573,769
12574,769
12575,769
12576,769
12577,769
12578,769
12579,769
12580,769
12581,769
12582,769
12583,769
12584,769
12585,769
12586,769
12587,769
12588,769
12589,769
12590,769
12591,769
12592,769
12593,769
12594,769
12595,769
12596,769
12597,769
12598,769
12599,769
12600,769
12601,769
12602,769
12603,769
12604,769
12605,769
12606,769
12607,769
12608,769
12609,769
12610,769
12611,769
12612,769
12613,769
12614,769
12615,769
12616,769
12617,769
12618,769
12619,769
12620,769
12621,769
12622,769
12623,769
12624,769
12625,769
12626,769
12627,769
12628,769
12629,769
12630,769
12631,769
12632,769
12633,769
12634,769
12635,769
12636,769
12637,769
12638,769
12639,769
12640,769
12641,769
12642,769
12643,769
12644,769
12645,769
12646,769
12647,769
12648,769
12649,769
12650,769
12651,769
12652,769
12653,769
12654,769
12655,769
12656,769
12657,769
12658,769
12659,769
12660,769
12661,769
12662,769
12663,769
12664,769
12665,769
12666,769
12667,769
12668,769
12669,769
12670,769
12671,769
12672,769
12673,769
12674,769
12675,769
12676,769
12677,769
12678,769
12679,769
12680,769
12681,769
12682,769
12683,769
12684,769
12685,769
12686,769
12687,769
12688,769
12689,769
12690,769
12691,769
12692,769
12693,769
12694,769
12695,769
12696,769
12697,769
12698,769
12699,769
12700,769
12701,769
12702,769
12703,769
12704,769
12705,769
12706,769
12707,769
12708,769
12709,769
12710,769
12711,769
12712,769
12713,769
12714,769
12715,769
12716,769
12717,769
12718,769
12719,769
12720,769
12721,769
12722,769
12723,769
12724,769
12725,769
12726,769
12727,769
12728,769
12729,769
12730,769
12731,769
12732,769
12733,769
12734,769
12735,769
12736,769
12737,769
12738,769
12739,769
12740,769
12741,769
12742,769
12743,769
12744,769
12745,769
12746,769
12747,769
12748,769
12749,769
12750,769
12751,769
12752,769
12753,769
12754,769
12755,769
12756,769
12757,769
12758,769
12759,769
12760,769
12761,769
12762,769
12763,769
12764,769
12765,769
12766,769
12767,769
12768,769
12769,769
12770,769
12771,769
12772,769
12773,769
12774,769
12775,769
12776,769
12777,769
12778,769
12779,769
12780,769
12781,769
12782,769
12783,769
12784,769
12785,769
12786,769
12787,769
12788,769
12789,769
12790,769
12791,769
12792,769
12793,769
12794,769
12795,769
12796,769
12797,769
12798,769
12799,769
12800,769
12801,769
12802,769
12803,769
12804,769
12805,769
12806,769
12807,769
12808,769
12809,769
12810,769
12811,769
12812,769
12813,769
12814,769
12815,769
12816,769
12817,769
12818,769
12819,769
12820,769
12821,769
12822,769
12823,769
12824,769
12825,769
12826,769
12827,769
12828,769
12829,769
12830,769
12831,769
12832,769
12833,769
12834,769
12835,769
12836,769
12837,769
12838,769
12839,769
12840,769
12841,769
12842,769
12843,769
12844,769
12845,769
12846,769
12847,769
12848,769
12849,769
12850,769
12851,769
12852,769
12853,769
12854,769
12855,769
12856,769
12857,769
12858,769
12859,769
12860,769
12861,769
12862,769
12863,769
12864,769
12865,769
12866,769
12867,769
12868,769
12869,769
12870,769
12871,769
12872,769
12873,769
12874,769
12875,769
12876,769
12877,769
12878,769
12879,769
12880,769
12881,769
12882,769
12883,769
12884,769
12885,769
12886,769
12887,769
12888,769
12889,769
12890,769
12891,769
12892,769
12893,769
12894,769
12895,769
12896,769
12897,769
12898,769
12899,769
12900,769
12901,769
12902,769
12903,769
12904,769
12905,769
12906,769
12907,769
12908,769
12909,769
12910,769
12911,769
12912,769
12913,769
12914,769
12915,769
12916,769
12917,769
12918,769
12919,769
12920,769
12921,769
12922,769
12923,769
12924,769
12925,769
12926,769
12927,769
12928,769
12929,769
12930,769
12931,769
12932,769
12933,769
12934,769
12935,769
12936,769
12937,769
12938,769
12939,769
12940,769
12941,769
12942,769
12943,769
12944,769
12945,769
12946,769
12947,769
12948,769
12949,769
12950,769
12951,769
12952,769
12953,769
12954,769
12955,769
12956,769
12957,769
12958,769
12959,769
12960,769
12961,769
12962,769
12963,769
12964,769
12965,769
12966,769
12967,769
12968,769
12969,769
12970,769
12971,769
12972,769
12973,769
12974,769
12975,769
12976,769
12977,769
12978,769
12979,769
12980,769
12981,769
12982,769
12983,769
12984,769
12985,769
12986,769
12987,769
12988,769
12989,769
12990,769
12991,769
12992,769
12993,769
12994,769
12995,769
12996,769
12997,769
12998,769
12999,769
13000,769
13001,769
13002,769
13003,769
13004,769
13005,769
13006,769
13007,769
13008,769
13009,769
13010,769
13011,769
13012,769
13013,769
13014,769
13015,769
13016,769
13017,769
13018,769
13019,769
13020,769
13021,769
13022,769
13023,769
13024,769
13025,769
13026,769
13027,769
13028,769
13029,769
13030,769
13031,769
13032,769
13033,769
13034,769
13035,769
13036,769
13037,769
13038,769
13039,769
13040,769
13041,769
13042,769
13043,769
13044,769
13045,769
13046,769
13047,769
13048,769
13049,769
13050,769
13051,769
13052,769
13053,769
13054,769
13055,769
13056,769
13057,769
13058,769
13059,769
13060,769
13061,769
13062,769
13063,769
13064,769
13065,769
13066,769
13067,769
13068,769
13069,769
13070,769
13071,769
13072,769
13073,769
13074,769
13075,769
13076,769
13077,769
13078,769
13079,769
13080,769
13081,769
13082,769
13083,769
13084,769
13085,769
13086,769
13087,769
13088,769
13089,769
13090,769
13091,769
13092,769
13093,769
13094,769
13095,769
13096,769
13097,769
13098,769
13099,769
13100,769
13101,769
13102,769
13103,769
13104,769
13105,769
13106,769
13107,769
13108,769
13109,769
13110,769
13111,769
13112,769
13113,769
13114,769
13115,769
13116,769
13117,769
13118,769
13119,769
13120,769
13121,769
13122,769
13123,769
13124,769
13125,769
13126,769
13127,769
13128,769
13129,769
13130,769
13131,769
13132,769
13133,769
13134,769
13135,769
13136,769
13137,769
13138,769
13139,769
13140,769
13141,769
13142,769
13143,769
13144,769
13145,769
13146,769
13147,769
13148,769
13149,769
13150,769
13151,769
13152,769
13153,769
13154,769
13155,769
13156,769
13157,769
13158,769
13159,769
13160,769
13161,769
13162,769
13163,769
13164,769
13165,769
13166,769
13167,769
13168,769
13169,769
13170,769
13171,769
13172,769
13173,769
13174,769
13175,769
13176,769
13177,769
13178,769
13179,769
13180,769
13181,769
13182,769
13183,769
13184,769
13185,769
13186,769
13187,769
13188,769
13189,769
13190,769
13191,769
13192,769
13193,769
13194,769
13195,769
13196,769
13197,769
13198,769
13199,769
13200,769
13201,769
13202,769
13203,769
13204,769
13205,769
13206,769
13207,769
13208,769
13209,769
13210,769
13211,769
13212,769
13213,769
13214,769
13215,769
13216,769
13217,769
13218,769
13219,769
13220,769
13221,769
13222,769
13223,769
13224,769
13225,769
13226,769
13227,769
13228,769
13229,769
13230,769
13231,769
13232,769
13233,769
13234,769
13235,769
13236,769
13237,769
13238,769
13239,769
13240,769
13241,769
13242,769
13243,769
13244,769
13245,769
13246,769
13247,769
13248,769
13249,769
13250,769
13251,769
13252,769
13253,769
13254,769
13255,769
13256,769
13257,769
13258,769
13259,769
13260,769
13261,769
13262,769
13263,769
13264,769
13265,769
13266,769
13267,769
13268,769
13269,769
13270,769
13271,769
13272,769
13273,769
13274,769
13275,769
13276,769
13277,769
13278,769
13279,769
13280,769
13281,769
13282,769
13283,769
13284,769
13285,769
13286,769
13287,769
13288,769
13289,769
13290,769
13291,769
13292,769
13293,769
13294,769
13295,769
13296,769
13297,769
13298,769
13299,769
13300,769
13301,769
13302,769
13303,769
13304,769
13305,769
13306,769
13307,769
13308,769
13309,769
13310,769
13311,769
13312,769
13313,769
13314,769
13315,769
13316,769
13317,769
13318,769
13319,769
13320,769
13321,769
13322,769
13323,769
13324,769
13325,769
13326,769
13327,769
13328,769
13329,769
13330,769
13331,769
13332,769
13333,769
13334,769
13335,769
13336,769
13337,769
13338,769
13339,769
13340,769
13341,769
13342,769
13343,769
13344,769
13345,769
13346,769
13347,769
13348,769
13349,769
13350,769
13351,769
13352,769
13353,769
13354,769
13355,769
13356,769
13357,769
13358,769
13359,769
13360,769
13361,769
13362,769
13363,769
13364,769
13365,769
13366,769
13367,769
13368,769
13369,769
13370,769
13371,769
13372,769
13373,769
13374,769
13375,769
13376,769
13377,769
13378,769
13379,769
13380,769
13381,769
13382,769
13383,769
13384,769
13385,769
13386,769
13387,769
13388,769
13389,769
13390,769
13391,769
13392,769
13393,769
13394,769
13395,769
13396,769
13397,769
13398,769
13399,769
13400,769
13401,769
13402,769
13403,769
13404,769
13405,769
13406,769
13407,769
13408,769
13409,769
13410,769
13411,769
13412,769
13413,769
13414,769
13415,769
13416,769
13417,769
13418,769
13419,769
13420,769
13421,769
13422,769
13423,769
13424,769
13425,769
13426,769
13427,769
13428,769
13429,769
13430,769
13431,769
13432,769
13433,769
13434,769
13435,769
13436,769
13437,769
13438,769
13439,769
13440,769
13441,769
13442,769
13443,769
13444,769
13445,769
13446,769
13447,769
13448,769
13449,769
13450,769
13451,769
13452,769
13453,769
13454,769
13455,769
13456,769
13457,769
13458,769
13459,769
13460,769
13461,769
13462,769
13463,769
13464,769
13465,769
13466,769
13467,769
13468,769
13469,769
13470,769
13471,769
13472,769
13473,769
13474,769
13475,769
13476,769
13477,769
13478,769
13479,769
13480,769
13481,769
13482,769
13483,769
13484,769
13485,769
13486,769
13487,769
13488,769
13489,769
13490,769
13491,769
13492,769
13493,769
13494,769
13495,769
13496,769
13497,769
13498,769
13499,769
13500,769
13501,769
13502,769
13503,769
13504,769
13505,769
13506,769
13507,769
13508,769
13509,769
13510,769
13511,769
13512,769
13513,769
13514,769
13515,769
13516,769
13517,769
13518,769
13519,769
13520,769
13521,769
13522,769
13523,769
13524,769
13525,769
13526,769
13527,769
13528,769
13529,769
13530,769
13531,769
13532,769
13533,769
13534,769
13535,769
13536,769
13537,769
13538,769
13539,769
13540,769
13541,769
13542,769
13543,769
13544,769
13545,769
13546,769
13547,769
13548,769
13549,769
13550,769
13551,769
13552,769
13553,769
13554,769
13555,769
13556,769
13557,769
13558,769
13559,769
13560,769
13561,769
13562,769
13563,769
13564,769
13565,769
13566,769
13567,769
13568,769
13569,769
13570,769
13571,769
13572,769
13573,769
13574,769
13575,769
13576,769
13577,769
13578,769
13579,769
13580,769
13581,769
13582,769
13583,769
13584,769
13585,769
13586,769
13587,769
13588,769
13589,769
13590,769
13591,769
13592,769
13593,769
13594,769
13595,769
13596,769
13597,769
13598,769
13599,769
13600,769
13601,769
13602,769
13603,769
13604,769
13605,769
13606,769
13607,769
13608,769
13609,769
13610,769
13611,769
13612,769
13613,769
13614,769
13615,769
13616,769
13617,769
13618,769
13619,769
13620,769
13621,769
13622,769
13623,769
13624,769
13625,769
13626,769
13627,769
13628,769
13629,769
13630,769
13631,769
13632,769
13633,769
13634,769
13635,769
13636,769
13637,769
13638,769
13639,769
13640,769
13641,769
13642,769
13643,769
13644,769
13645,769
13646,769
13647,769
13648,769
13649,769
13650,769
13651,769
13652,769
13653,769
13654,769
13655,769
13656,769
13657,769
13658,769
13659,769
13660,769
13661,769
13662,769
13663,769
13664,769
13665,769
13666,769
13667,769
13668,769
13669,769
13670,769
13671,769
13672,769
13673,769
13674,769
13675,769
13676,769
13677,769
13678,769
13679,769
13680,769
13681,769
13682,769
13683,769
13684,769
13685,769
13686,769
13687,769
13688,769
13689,769
13690,769
13691,769
13692,769
13693,769
13694,769
13695,769
13696,769
13697,769
13698,769
13699,769
13700,769
13701,769
13702,769
13703,769
13704,769
13705,769
13706,769
13707,769
13708,769
13709,769
13710,769
13711,769
13712,769
13713,769
13714,769
13715,769
13716,769
13717,769
13718,769
13719,769
13720,769
13721,769
13722,769
13723,769
13724,769
13725,769
13726,769
13727,769
13728,769
13729,769
13730,769
13731,769
13732,769
13733,769
13734,769
13735,769
13736,769
13737,769
13738,769
13739,769
13740,769
13741,769
13742,769
13743,769
13744,769
13745,769
13746,769
13747,769
13748,769
13749,769
13750,769
13751,769
13752,769
13753,769
13754,769
13755,769
13756,769
13757,769
13758,769
13759,769
13760,769
13761,769
13762,769
13763,769
13764,769
13765,769
13766,769
13767,769
13768,769
13769,769
13770,769
13771,769
13772,769
13773,769
13774,769
13775,769
13776,769
13777,769
13778,769
13779,769
13780,769
13781,769
13782,769
13783,769
13784,769
13785,769
13786,769
13787,769
13788,769
13789,769
13790,769
13791,769
13792,769
13793,769
13794,769
13795,769
13796,769
13797,769
13798,769
13799,769
13800,769
13801,769
13802,769
13803,769
13804,769
13805,769
13806,769
13807,769
13808,769
13809,769
13810,769
13811,769
13812,769
13813,769
13814,769
13815,769
13816,769
13817,769
13818,769
13819,769
13820,769
13821,769
13822,769
13823,769
13824,769
13825,769
13826,769
13827,769
13828,769
13829,769
13830,769
13831,769
13832,769
13833,769
13834,769
13835,769
13836,769
13837,769
13838,769
13839,769
13840,769
13841,769
13842,769
13843,769
13844,769
13845,769
13846,769
13847,769
13848,769
13849,769
13850,769
13851,769
13852,769
13853,769
13854,769
13855,769
13856,769
13857,769
13858,769
13859,769
13860,769
13861,769
13862,769
13863,769
13864,769
13865,769
13866,769
13867,769
13868,769
13869,769
13870,769
13871,769
13872,769
13873,769
13874,769
13875,769
13876,769
13877,769
13878,769
13879,769
13880,769
13881,769
13882,769
13883,769
13884,769
13885,769
13886,769
13887,769
13888,769
13889,769
13890,769
13891,769
13892,769
13893,769
13894,769
13895,769
13896,769
13897,769
13898,769
13899,769
13900,769
13901,769
13902,769
13903,769
13904,769
13905,769
13906,769
13907,769
13908,769
13909,769
13910,769
13911,769
13912,769
13913,769
13914,769
13915,769
13916,769
13917,769
13918,769
13919,769
13920,769
13921,769
13922,769
13923,769
13924,769
13925,769
13926,769
13927,769
13928,769
13929,769
13930,769
13931,769
13932,769
13933,769
13934,769
13935,769
13936,769
13937,769
13938,769
13939,769
13940,769
13941,769
13942,769
13943,769
13944,769
13945,769
13946,769
13947,769
13948,769
13949,769
13950,769
13951,769
13952,769
13953,769
13954,769
13955,769
13956,769
13957,769
13958,769
13959,769
13960,769
13961,769
13962,769
13963,769
13964,769
13965,769
13966,769
13967,769
13968,769
13969,769
13970,769
13971,769
13972,769
13973,769
13974,769
13975,769
13976,769
13977,769
13978,769
13979,769
13980,769
13981,769
13982,769
13983,769
13984,769
13985,769
13986,769
13987,769
13988,769
13989,769
13990,769
13991,769
13992,769
13993,769
13994,769
13995,769
13996,769
13997,769
13998,769
13999,769
14000,769
14001,769
14002,769
14003,769
14004,769
14005,769
14006,769
14007,769
14008,769
14009,769
14010,769
14011,769
14012,769
14013,769
14014,769
14015,769
14016,769
14017,769
14018,769
14019,769
14020,769
14021,769
14022,769
14023,769
14024,769
14025,769
14026,769
14027,769
14028,769
14029,769
14030,769
14031,769
14032,769
14033,769
14034,769
14035,769
14036,769
14037,769
14038,769
14039,769
14040,769
14041,769
14042,769
14043,769
14044,769
14045,769
14046,769
14047,769
14048,769
14049,769
14050,769
14051,769
14052,769
14053,769
14054,769
14055,769
14056,769
14057,769
14058,769
14059,769
14060,769
14061,769
14062,769
14063,769
14064,769
14065,769
14066,769
14067,769
14068,769
14069,769
14070,769
14071,769
14072,769
14073,769
14074,769
14075,769
14076,769
14077,769
14078,769
14079,769
14080,769
14081,769
14082,769
14083,769
14084,769
14085,769
14086,769
14087,769
14088,769
14089,769
14090,769
14091,769
14092,769
14093,769
14094,769
14095,769
14096,769
14097,769
14098,769
14099,769
14100,769
14101,769
14102,769
14103,769
14104,769
14105,769
14106,769
14107,769
14108,769
14109,769
14110,769
14111,769
14112,769
14113,769
14114,769
14115,769
14116,769
14117,769
14118,769
14119,769
14120,769
14121,769
14122,769
14123,769
14124,769
14125,769
14126,769
14127,769
14128,769
14129,769
14130,769
14131,769
14132,769
14133,769
14134,769
14135,769
14136,769
14137,769
14138,769
14139,769
14140,769
14141,769
14142,769
14143,769
14144,769
14145,769
14146,769
14147,769
14148,769
14149,769
14150,769
14151,769
14152,769
14153,769
14154,769
14155,769
14156,769
14157,769
14158,769
14159,769
14160,769
14161,769
14162,769
14163,769
14164,769
14165,769
14166,769
14167,769
14168,769
14169,769
14170,769
14171,769
14172,769
14173,769
14174,769
14175,769
14176,769
14177,769
14178,769
14179,769
14180,769
14181,769
14182,769
14183,769
14184,769
14185,769
14186,769
14187,769
14188,769
14189,769
14190,769
14191,769
14192,769
14193,769
14194,769
14195,769
14196,769
14197,769
14198,769
14199,769
14200,769
14201,769
14202,769
14203,769
14204,769
14205,769
14206,769
14207,769
14208,769
14209,769
14210,769
14211,769
14212,769
14213,769
14214,769
14215,769
14216,769
14217,769
14218,769
14219,769
14220,769
14221,769
14222,769
14223,769
14224,769
14225,769
14226,769
14227,769
14228,769
14229,769
14230,769
14231,769
14232,769
14233,769
14234,769
14235,769
14236,769
14237,769
14238,769
14239,769
14240,769
14241,769
14242,769
14243,769
14244,769
14245,769
14246,769
14247,769
14248,769
14249,769
14250,769
14251,769
14252,769
14253,769
14254,769
14255,769
14256,769
14257,769
14258,769
14259,769
14260,769
14261,769
14262,769
14263,769
14264,769
14265,769
14266,769
14267,769
14268,769
14269,769
14270,769
14271,769
14272,769
14273,769
14274,769
14275,769
14276,769
14277,769
14278,769
14279,769
14280,769
14281,769
14282,769
14283,769
14284,769
14285,769
14286,769
14287,769
14288,769
14289,769
14290,769
14291,769
14292,769
14293,769
14294,769
14295,769
14296,769
14297,769
14298,769
14299,769
14300,769
14301,769
14302,769
14303,769
14304,769
14305,769
14306,769
14307,769
14308,769
14309,769
14310,769
14311,769
14312,769
14313,769
14314,769
14315,769
14316,769
14317,769
14318,769
14319,769
14320,769
14321,769
14322,769
14323,769
14324,769
14325,769
14326,769
14327,769
14328,769
14329,769
14330,769
14331,769
14332,769
14333,769
14334,769
14335,769
14336,769
14337,769
14338,769
14339,769
14340,769
14341,769
14342,769
14343,769
14344,769
14345,769
14346,769
14347,769
14348,769
14349,769
14350,769
14351,769
14352,769
14353,769
14354,769
14355,769
14356,769
14357,769
14358,769
14359,769
14360,769
14361,769
14362,769
14363,769
14364,769
14365,769
14366,769
14367,769
14368,769
14369,769
14370,769
14371,769
14372,769
14373,769
14374,769
14375,769
14376,769
14377,769
14378,769
14379,769
14380,769
14381,769
14382,769
14383,769
14384,769
14385,769
14386,769
14387,769
14388,769
14389,769
14390,769
14391,769
14392,769
14393,769
14394,769
14395,769
14396,769
14397,769
14398,769
14399,769
14400,769
14401,769
14402,769
14403,769
14404,769
14405,769
14406,769
14407,769
14408,769
14409,769
14410,769
14411,769
14412,769
14413,769
14414,769
14415,769
14416,769
14417,769
14418,769
14419,769
14420,769
14421,769
14422,769
14423,769
14424,769
14425,769
14426,769
14427,769
14428,769
14429,769
14430,769
14431,769
14432,769
14433,769
14434,769
14435,769
14436,769
14437,769
14438,769
14439,769
14440,769
14441,769
14442,769
14443,769
14444,769
14445,769
14446,769
14447,769
14448,769
14449,769
14450,769
14451,769
14452,769
14453,769
14454,769
14455,769
14456,769
14457,769
14458,769
14459,769
14460,769
14461,769
14462,769
14463,769
14464,769
14465,769
14466,769
14467,769
14468,769
14469,769
14470,769
14471,769
14472,769
14473,769
14474,769
14475,769
14476,769
14477,769
14478,769
14479,769
14480,769
14481,769
14482,769
14483,769
14484,769
14485,769
14486,769
14487,769
14488,769
14489,769
14490,769
14491,769
14492,769
14493,769
14494,769
14495,769
14496,769
14497,769
14498,769
14499,769
14500,769
14501,769
14502,769
14503,769
14504,769
14505,769
14506,769
14507,769
14508,769
14509,769
14510,769
14511,769
14512,769
14513,769
14514,769
14515,769
14516,769
14517,769
14518,769
14519,769
14520,769
14521,769
14522,769
14523,769
14524,769
14525,769
14526,769
14527,769
14528,769
14529,769
14530,769
14531,769
14532,769
14533,769
14534,769
14535,769
14536,769
14537,769
14538,769
14539,769
14540,769
14541,769
14542,769
14543,769
14544,769
14545,769
14546,769
14547,769
14548,769
14549,769
14550,769
14551,769
14552,769
14553,769
14554,769
14555,769
14556,769
14557,769
14558,769
14559,769
14560,769
14561,769
14562,769
14563,769
14564,769
14565,769
14566,769
14567,769
14568,769
14569,769
14570,769
14571,769
14572,769
14573,769
14574,769
14575,769
14576,769
14577,769
14578,769
14579,769
14580,769
14581,769
14582,769
14583,769
14584,769
14585,769
14586,769
14587,769
14588,769
14589,769
14590,769
14591,769
14592,769
14593,769
14594,769
14595,769
14596,769
14597,769
14598,769
14599,769
14600,769
14601,769
14602,769
14603,769
14604,769
14605,769
14606,769
14607,769
14608,769
14609,769
14610,769
14611,769
14612,769
14613,769
14614,769
14615,769
14616,769
14617,769
14618,769
14619,769
14620,769
14621,769
14622,769
14623,769
14624,769
14625,769
14626,769
14627,769
14628,769
14629,769
14630,769
14631,769
14632,769
14633,769
14634,769
14635,769
14636,769
14637,769
14638,769
14639,769
14640,769
14641,769
14642,769
14643,769
14644,769
14645,769
14646,769
14647,769
14648,769
14649,769
14650,769
14651,769
14652,769
14653,769
14654,769
14655,769
14656,769
14657,769
14658,769
14659,769
14660,769
14661,769
14662,769
14663,769
14664,769
14665,769
14666,769
14667,769
14668,769
14669,769
14670,769
14671,769
14672,769
14673,769
14674,769
14675,769
14676,769
14677,769
14678,769
14679,769
14680,769
14681,769
14682,769
14683,769
14684,769
14685,769
14686,769
14687,769
14688,769
14689,769
14690,769
14691,769
14692,769
14693,769
14694,769
14695,769
14696,769
14697,769
14698,769
14699,769
14700,769
14701,769
14702,769
14703,769
14704,769
14705,769
14706,769
14707,769
14708,769
14709,769
14710,769
14711,769
14712,769
14713,769
14714,769
14715,769
14716,769
14717,769
14718,769
14719,769
14720,769
14721,769
14722,769
14723,769
14724,769
14725,769
14726,769
14727,769
14728,769
14729,769
14730,769
14731,769
14732,769
14733,769
14734,769
14735,769
14736,769
14737,769
14738,769
14739,769
14740,769
14741,769
14742,769
14743,769
14744,769
14745,769
14746,769
14747,769
14748,769
14749,769
14750,769
14751,769
14752,769
14753,769
14754,769
14755,769
14756,769
14757,769
14758,769
14759,769
14760,769
14761,769
14762,769
14763,769
14764,769
14765,769
14766,769
14767,769
14768,769
14769,769
14770,769
14771,769
14772,769
14773,769
14774,769
14775,769
14776,769
14777,769
14778,769
14779,769
14780,769
14781,769
14782,769
14783,769
14784,769
14785,769
14786,769
14787,769
14788,769
14789,769
14790,769
14791,769
14792,769
14793,769
14794,769
14795,769
14796,769
14797,769
14798,769
14799,769
14800,769
14801,769
14802,769
14803,769
14804,769
14805,769
14806,769
14807,769
14808,769
14809,769
14810,769
14811,769
14812,769
14813,769
14814,769
14815,769
14816,769
14817,769
14818,769
14819,769
14820,769
14821,769
14822,769
14823,769
14824,769
14825,769
14826,769
14827,769
14828,769
14829,769
14830,769
14831,769
14832,769
14833,769
14834,769
14835,769
14836,769
14837,769
14838,769
14839,769
14840,769
14841,769
14842,769
14843,769
14844,769
14845,769
14846,769
14847,769
14848,769
14849,769
14850,769
14851,769
14852,769
14853,769
14854,769
14855,769
14856,769
14857,769
14858,769
14859,769
14860,769
14861,769
14862,769
14863,769
14864,769
14865,769
14866,769
14867,769
14868,769
14869,769
14870,769
14871,769
14872,769
14873,769
14874,769
14875,769
14876,769
14877,769
14878,769
14879,769
14880,769
14881,769
14882,769
14883,769
14884,769
14885,769
14886,769
14887,769
14888,769
14889,769
14890,769
14891,769
14892,769
14893,769
14894,769
14895,769
14896,769
14897,769
14898,769
14899,769
14900,769
14901,769
14902,769
14903,769
14904,769
14905,769
14906,769
14907,769
14908,769
14909,769
14910,769
14911,769
14912,769
14913,769
14914,769
14915,769
14916,769
14917,769
14918,769
14919,769
14920,769
14921,769
14922,769
14923,769
14924,769
14925,769
14926,769
14927,769
14928,769
14929,769
14930,769
14931,769
14932,769
14933,769
14934,769
14935,769
14936,769
14937,769
14938,769
14939,769
14940,769
14941,769
14942,769
14943,769
14944,769
14945,769
14946,769
14947,769
14948,769
14949,769
14950,769
14951,769
14952,769
14953,769
14954,769
14955,769
14956,769
14957,769
14958,769
14959,769
14960,769
14961,769
14962,769
14963,769
14964,769
14965,769
14966,769
14967,769
14968,769
14969,769
14970,769
14971,769
14972,769
14973,769
14974,769
14975,769
14976,769
14977,769
14978,769
14979,769
14980,769
14981,769
14982,769
14983,769
14984,769
14985,769
14986,769
14987,769
14988,769
14989,769
14990,769
14991,769
14992,769
14993,769
14994,769
14995,769
14996,769
14997,769
14998,769
14999,769
15000,769
15001,769
15002,769
15003,769
15004,769
15005,769
15006,769
15007,769
15008,769
15009,769
15010,769
15011,769
15012,769
15013,769
15014,769
15015,769
15016,769
15017,769
15018,769
15019,769
15020,769
15021,769
15022,769
15023,769
15024,769
15025,769
15026,769
15027,769
15028,769
15029,769
15030,769
15031,769
15032,769
15033,769
15034,769
15035,769
15036,769
15037,769
15038,769
15039,769
15040,769
15041,769
15042,769
15043,769
15044,769
15045,769
15046,769
15047,769
15048,769
15049,769
15050,769
15051,769
15052,769
15053,769
15054,769
15055,769
15056,769
15057,769
15058,769
15059,769
15060,769
15061,769
15062,769
15063,769
15064,769
15065,769
15066,769
15067,769
15068,769
15069,769
15070,769
15071,769
15072,769
15073,769
15074,769
15075,769
15076,769
15077,769
15078,769
15079,769
15080,769
15081,769
15082,769
15083,769
15084,769
15085,769
15086,769
15087,769
15088,769
15089,769
15090,769
15091,769
15092,769
15093,769
15094,769
15095,769
15096,769
15097,769
15098,769
15099,769
15100,769
15101,769
15102,769
15103,769
15104,769
15105,769
15106,769
15107,769
15108,769
15109,769
15110,769
15111,769
15112,769
15113,769
15114,769
15115,769
15116,769
15117,769
15118,769
15119,769
15120,769
15121,769
15122,769
15123,769
15124,769
15125,769
15126,769
15127,769
15128,769
15129,769
15130,769
15131,769
15132,769
15133,769
15134,769
15135,769
15136,769
15137,769
15138,769
15139,769
15140,769
15141,769
15142,769
15143,769
15144,769
15145,769
15146,769
15147,769
15148,769
15149,769
15150,769
15151,769
15152,769
15153,769
15154,769
15155,769
15156,769
15157,769
15158,769
15159,769
15160,769
15161,769
15162,769
15163,769
15164,769
15165,769
15166,769
15167,769
15168,769
15169,769
15170,769
15171,769
15172,769
15173,769
15174,769
15175,769
15176,769
15177,769
15178,769
15179,769
15180,769
15181,769
15182,769
15183,769
15184,769
15185,769
15186,769
15187,769
15188,769
15189,769
15190,769
15191,769
15192,769
15193,769
15194,769
15195,769
15196,769
15197,769
15198,769
15199,769
15200,769
15201,769
15202,769
15203,769
15204,769
15205,769
15206,769
15207,769
15208,769
15209,769
15210,769
15211,769
15212,769
15213,769
15214,769
15215,769
15216,769
15217,769
15218,769
15219,769
15220,769
15221,769
15222,769
15223,769
15224,769
15225,769
15226,769
15227,769
15228,769
15229,769
15230,769
15231,769
15232,769
15233,769
15234,769
15235,769
15236,769
15237,769
15238,769
15239,769
15240,769
15241,769
15242,769
15243,769
15244,769
15245,769
15246,769
15247,769
15248,769
15249,769
15250,769
15251,769
15252,769
15253,769
15254,769
15255,769
15256,769
15257,769
15258,769
15259,769
15260,769
15261,769
15262,769
15263,769
15264,769
15265,769
15266,769
15267,769
15268,769
15269,769
15270,769
15271,769
15272,769
15273,769
15274,769
15275,769
15276,769
15277,769
15278,769
15279,769
15280,769
15281,769
15282,769
15283,769
15284,769
15285,769
15286,769
15287,769
15288,769
15289,769
15290,769
15291,769
15292,769
15293,769
15294,769
15295,769
15296,769
15297,769
15298,769
15299,769
15300,769
15301,769
15302,769
15303,769
15304,769
15305,769
15306,769
15307,769
15308,769
15309,769
15310,769
15311,769
15312,769
15313,769
15314,769
15315,769
15316,769
15317,769
15318,769
15319,769
15320,769
15321,769
15322,769
15323,769
15324,769
15325,769
15326,769
15327,769
15328,769
15329,769
15330,769
15331,769
15332,769
15333,769
15334,769
15335,769
15336,769
15337,769
15338,769
15339,769
15340,769
15341,769
15342,769
15343,769
15344,769
15345,769
15346,769
15347,769
15348,769
15349,769
15350,769
15351,769
15352,769
15353,769
15354,769
15355,769
15356,769
15357,769
15358,769
15359,769
15360,769
15361,769
15362,769
15363,769
15364,769
15365,769
15366,769
15367,769
15368,769
15369,769
15370,769
15371,769
15372,769
15373,769
15374,769
15375,769
15376,769
15377,769
15378,769
15379,769
15380,769
15381,769
15382,769
15383,769
15384,769
15385,769
15386,769
15387,769
15388,769
15389,769
15390,769
15391,769
15392,769
15393,769
15394,769
15395,769
15396,769
15397,769
15398,769
15399,769
15400,769
15401,769
15402,769
15403,769
15404,769
15405,769
15406,769
15407,769
15408,769
15409,769
15410,769
15411,769
15412,769
15413,769
15414,769
15415,769
15416,769
15417,769
15418,769
15419,769
15420,769
15421,769
15422,769
15423,769
15424,769
15425,769
15426,769
15427,769
15428,769
15429,769
15430,769
15431,769
15432,769
15433,769
15434,769
15435,769
15436,769
15437,769
15438,769
15439,769
15440,769
15441,769
15442,769
15443,769
15444,769
15445,769
15446,769
15447,769
15448,769
15449,769
15450,769
15451,769
15452,769
15453,769
15454,769
15455,769
15456,769
15457,769
15458,769
15459,769
15460,769
15461,769
15462,769
15463,769
15464,769
15465,769
15466,769
15467,769
15468,769
15469,769
15470,769
15471,769
15472,769
15473,769
15474,769
15475,769
15476,769
15477,769
15478,769
15479,769
15480,769
15481,769
15482,769
15483,769
15484,769
15485,769
15486,769
15487,769
15488,769
15489,769
15490,769
15491,769
15492,769
15493,769
15494,769
15495,769
15496,769
15497,769
15498,769
15499,769
15500,769
15501,769
15502,769
15503,769
15504,769
15505,769
15506,769
15507,769
15508,769
15509,769
15510,769
15511,769
15512,769
15513,769
15514,769
15515,769
15516,769
15517,769
15518,769
15519,769
15520,769
15521,769
15522,769
15523,769
15524,769
15525,769
15526,769
15527,769
15528,769
15529,769
15530,769
15531,769
15532,769
15533,769
15534,769
15535,769
15536,769
15537,769
15538,769
15539,769
15540,769
15541,769
15542,769
15543,769
15544,769
15545,769
15546,769
15547,769
15548,769
15549,769
15550,769
15551,769
15552,769
15553,769
15554,769
15555,769
15556,769
15557,769
15558,769
15559,769
15560,769
15561,769
15562,769
15563,769
15564,769
15565,769
15566,769
15567,769
15568,769
15569,769
15570,769
15571,769
15572,769
15573,769
15574,769
15575,769
15576,769
15577,769
15578,769
15579,769
15580,769
15581,769
15582,769
15583,769
15584,769
15585,769
15586,769
15587,769
15588,769
15589,769
15590,769
15591,769
15592,769
15593,769
15594,769
15595,769
15596,769
15597,769
15598,769
15599,769
15600,769
15601,769
15602,769
15603,769
15604,769
15605,769
15606,769
15607,769
15608,769
15609,769
15610,769
15611,769
15612,769
15613,769
15614,769
15615,769
15616,769
15617,769
15618,769
15619,769
15620,769
15621,769
15622,769
15623,769
15624,769
15625,769
15626,769
15627,769
15628,769
15629,769
15630,769
15631,769
15632,769
15633,769
15634,769
15635,769
15636,769
15637,769
15638,769
15639,769
15640,769
15641,769
15642,769
15643,769
15644,769
15645,769
15646,769
15647,769
15648,769
15649,769
15650,769
15651,769
15652,769
15653,769
15654,769
15655,769
15656,769
15657,769
15658,769
15659,769
15660,769
15661,769
15662,769
15663,769
15664,769
15665,769
15666,769
15667,769
15668,769
15669,769
15670,769
15671,769
15672,769
15673,769
15674,769
15675,769
15676,769
15677,769
15678,769
15679,769
15680,769
15681,769
15682,769
15683,769
15684,769
15685,769
15686,769
15687,769
15688,769
15689,769
15690,769
15691,769
15692,769
15693,769
15694,769
15695,769
15696,769
15697,769
15698,769
15699,769
15700,769
15701,769
15702,769
15703,769
15704,769
15705,769
15706,769
15707,769
15708,769
15709,769
15710,769
15711,769
15712,769
15713,769
15714,769
15715,769
15716,769
15717,769
15718,769
15719,769
15720,769
15721,769
15722,769
15723,769
15724,769
15725,769
15726,769
15727,769
15728,769
15729,769
15730,769
15731,769
15732,769
15733,769
15734,769
15735,769
15736,769
15737,769
15738,769
15739,769
15740,769
15741,769
15742,769
15743,769
15744,769
15745,769
15746,769
15747,769
15748,769
15749,769
15750,769
15751,769
15752,769
15753,769
15754,769
15755,769
15756,769
15757,769
15758,769
15759,769
15760,769
15761,769
15762,769
15763,769
15764,769
15765,769
15766,769
15767,769
15768,769
15769,769
15770,769
15771,769
15772,769
15773,769
15774,769
15775,769
15776,769
15777,769
15778,769
15779,769
15780,769
15781,769
15782,769
15783,769
15784,769
15785,769
15786,769
15787,769
15788,769
15789,769
15790,769
15791,769
15792,769
15793,769
15794,769
15795,769
15796,769
15797,769
15798,769
15799,769
15800,769
15801,769
15802,769
15803,769
15804,769
15805,769
15806,769
15807,769
15808,769
15809,769
15810,769
15811,769
15812,769
15813,769
15814,769
15815,769
15816,769
15817,769
15818,769
15819,769
15820,769
15821,769
15822,769
15823,769
15824,769
15825,769
15826,769
15827,769
15828,769
15829,769
15830,769
15831,769
15832,769
15833,769
15834,769
15835,769
15836,769
15837,769
15838,769
15839,769
15840,769
15841,769
15842,769
15843,769
15844,769
15845,769
15846,769
15847,769
15848,769
15849,769
15850,769
15851,769
15852,769
15853,769
15854,769
15855,769
15856,769
15857,769
15858,769
15859,769
15860,769
15861,769
15862,769
15863,769
15864,769
15865,769
15866,769
15867,769
15868,769
15869,769
15870,769
15871,769
15872,769
15873,769
15874,769
15875,769
15876,769
15877,769
15878,769
15879,769
15880,769
15881,769
15882,769
15883,769
15884,769
15885,769
15886,769
15887,769
15888,769
15889,769
15890,769
15891,769
15892,769
15893,769
15894,769
15895,769
15896,769
15897,769
15898,769
15899,769
15900,769
15901,769
15902,769
15903,769
15904,769
15905,769
15906,769
15907,769
15908,769
15909,769
15910,769
15911,769
15912,769
15913,769
15914,769
15915,769
15916,769
15917,769
15918,769
15919,769
15920,769
15921,769
15922,769
15923,769
15924,769
15925,769
15926,769
15927,769
15928,769
15929,769
15930,769
15931,769
15932,769
15933,769
15934,769
15935,769
15936,769
15937,769
15938,769
15939,769
15940,769
15941,769
15942,769
15943,769
15944,769
15945,769
15946,769
15947,769
15948,769
15949,769
15950,769
15951,769
15952,769
15953,769
15954,769
15955,769
15956,769
15957,769
15958,769
15959,769
15960,769
15961,769
15962,769
15963,769
15964,769
15965,769
15966,769
15967,769
15968,769
15969,769
15970,769
15971,769
15972,769
15973,769
15974,769
15975,769
15976,769
15977,769
15978,769
15979,769
15980,769
15981,769
15982,769
15983,769
15984,769
15985,769
15986,769
15987,769
15988,769
15989,769
15990,769
15991,769
15992,769
15993,769
15994,769
15995,769
15996,769
15997,769
15998,769
15999,769
16000,769
16001,769
16002,769
16003,769
16004,769
16005,769
16006,769
16007,769
16008,769
16009,769
16010,769
16011,769
16012,769
16013,769
16014,769
16015,769
16016,769
16017,769
16018,769
16019,769
16020,769
16021,769
16022,769
16023,769
16024,769
16025,769
16026,769
16027,769
16028,769
16029,769
16030,769
16031,769
16032,769
16033,769
16034,769
16035,769
16036,769
16037,769
16038,769
16039,769
16040,769
16041,769
16042,769
16043,769
16044,769
16045,769
16046,769
16047,769
16048,769
16049,769
16050,769
16051,769
16052,769
16053,769
16054,769
16055,769
16056,769
16057,769
16058,769
16059,769
16060,769
16061,769
16062,769
16063,769
16064,769
16065,769
16066,769
16067,769
16068,769
16069,769
16070,769
16071,769
16072,769
16073,769
16074,769
16075,769
16076,769
16077,769
16078,769
16079,769
16080,769
16081,769
16082,769
16083,769
16084,769
16085,769
16086,769
16087,769
16088,769
16089,769
16090,769
16091,769
16092,769
16093,769
16094,769
16095,769
16096,769
16097,769
16098,769
16099,769
16100,769
16101,769
16102,769
16103,769
16104,769
16105,769
16106,769
16107,769
16108,769
16109,769
16110,769
16111,769
16112,769
16113,769
16114,769
16115,769
16116,769
16117,769
16118,769
16119,769
16120,769
16121,769
16122,769
16123,769
16124,769
16125,769
16126,769
16127,769
16128,769
16129,769
16130,769
16131,769
16132,769
16133,769
16134,769
16135,769
16136,769
16137,769
16138,769
16139,769
16140,769
16141,769
16142,769
16143,769
16144,769
16145,769
16146,769
16147,769
16148,769
16149,769
16150,769
16151,769
16152,769
16153,769
16154,769
16155,769
16156,769
16157,769
16158,769
16159,769
16160,769
16161,769
16162,769
16163,769
16164,769
16165,769
16166,769
16167,769
16168,769
16169,769
16170,769
16171,769
16172,769
16173,769
16174,769
16175,769
16176,769
16177,769
16178,769
16179,769
16180,769
16181,769
16182,769
16183,769
16184,769
16185,769
16186,769
16187,769
16188,769
16189,769
16190,769
16191,769
16192,769
16193,769
16194,769
16195,769
16196,769
16197,769
16198,769
16199,769
16200,769
16201,769
16202,769
16203,769
16204,769
16205,769
16206,769
16207,769
16208,769
16209,769
16210,769
16211,769
16212,769
16213,769
16214,769
16215,769
16216,769
16217,769
16218,769
16219,769
16220,769
16221,769
16222,769
16223,769
16224,769
16225,769
16226,769
16227,769
16228,769
16229,769
16230,769
16231,769
16232,769
16233,769
16234,769
16235,769
16236,769
16237,769
16238,769
16239,769
16240,769
16241,769
16242,769
16243,769
16244,769
16245,769
16246,769
16247,769
16248,769
16249,769
16250,769
16251,769
16252,769
16253,769
16254,769
16255,769
16256,769
16257,769
16258,769
16259,769
16260,769
16261,769
16262,769
16263,769
16264,769
16265,769
16266,769
16267,769
16268,769
16269,769
16270,769
16271,769
16272,769
16273,769
16274,769
16275,769
16276,769
16277,769
16278,769
16279,769
16280,769
16281,769
16282,769
16283,769
16284,769
16285,769
16286,769
16287,769
16288,769
16289,769
16290,769
16291,769
16292,769
16293,769
16294,769
16295,769
16296,769
16297,769
16298,769
16299,769
16300,769
16301,769
16302,769
16303,769
16304,769
16305,769
16306,769
16307,769
16308,769
16309,769
16310,769
16311,769
16312,769
16313,769
16314,769
16315,769
16316,769
16317,769
16318,769
16319,769
16320,769
16321,769
16322,769
16323,769
16324,769
16325,769
16326,769
16327,769
16328,769
16329,769
16330,769
16331,769
16332,769
16333,769
16334,769
16335,769
16336,769
16337,769
16338,769
16339,769
16340,769
16341,769
16342,769
16343,769
16344,769
16345,769
16346,769
16347,769
16348,769
16349,769
16350,769
16351,769
16352,769
16353,769
16354,769
16355,769
16356,769
16357,769
16358,769
16359,769
16360,769
16361,769
16362,769
16363,769
16364,769
16365,769
16366,769
16367,769
16368,769
16369,769
16370,769
16371,769
16372,769
16373,769
16374,769
16375,769
16376,769
16377,769
16378,769
16379,769
16380,769
16381,769
16382,769
16383,769
16384,769
16385,769
16386,769
16387,769
16388,769
16389,769
16390,769
16391,769
16392,769
16393,769
16394,769
16395,769
16396,769
16397,769
16398,769
16399,769
16400,769
16401,769
16402,769
16403,769
16404,769
16405,769
16406,769
16407,769
16408,769
16409,769
16410,769
16411,769
16412,769
16413,769
16414,769
16415,769
16416,769
16417,769
16418,769
16419,769
16420,769
16421,769
16422,769
16423,769
16424,769
16425,769
16426,769
16427,769
16428,769
16429,769
16430,769
16431,769
16432,769
16433,769
16434,769
16435,769
16436,769
16437,769
16438,769
16439,769
16440,769
16441,769
16442,769
16443,769
16444,769
16445,769
16446,769
16447,769
16448,769
16449,769
16450,769
16451,769
16452,769
16453,769
16454,769
16455,769
16456,769
16457,769
16458,769
16459,769
16460,769
16461,769
16462,769
16463,769
16464,769
16465,769
16466,769
16467,769
16468,769
16469,769
16470,769
16471,769
16472,769
16473,769
16474,769
16475,769
16476,769
16477,769
16478,769
16479,769
16480,769
16481,769
16482,769
16483,769
16484,769
16485,769
16486,769
16487,769
16488,769
16489,769
16490,769
16491,769
16492,769
16493,769
16494,769
16495,769
16496,769
16497,769
16498,769
16499,769
16500,769
16501,769
16502,769
16503,769
16504,769
16505,769
16506,769
16507,769
16508,769
16509,769
16510,769
16511,769
16512,769
16513,769
16514,769
16515,769
16516,769
16517,769
16518,769
16519,769
16520,769
16521,769
16522,769
16523,769
16524,769
16525,769
16526,769
16527,769
16528,769
16529,769
16530,769
16531,769
16532,769
16533,769
16534,769
16535,769
16536,769
16537,769
16538,769
16539,769
16540,769
16541,769
16542,769
16543,769
16544,769
16545,769
16546,769
16547,769
16548,769
16549,769
16550,769
16551,769
16552,769
16553,769
16554,769
16555,769
16556,769
16557,769
16558,769
16559,769
16560,769
16561,769
16562,769
16563,769
16564,769
16565,769
16566,769
16567,769
16568,769
16569,769
16570,769
16571,769
16572,769
16573,769
16574,769
16575,769
16576,769
16577,769
16578,769
16579,769
16580,769
16581,769
16582,769
16583,769
16584,769
16585,769
16586,769
16587,769
16588,769
16589,769
16590,769
16591,769
16592,769
16593,769
16594,769
16595,769
16596,769
16597,769
16598,769
16599,769
16600,769
16601,769
16602,769
16603,769
16604,769
16605,769
16606,769
16607,769
16608,769
16609,769
16610,769
16611,769
16612,769
16613,769
16614,769
16615,769
16616,769
16617,769
16618,769
16619,769
16620,769
16621,769
16622,769
16623,769
16624,769
16625,769
16626,769
16627,769
16628,769
16629,769
16630,769
16631,769
16632,769
16633,769
16634,769
16635,769
16636,769
16637,769
16638,769
16639,769
16640,769
16641,769
16642,769
16643,769
16644,769
16645,769
16646,769
16647,769
16648,769
16649,769
16650,769
16651,769
16652,769
16653,769
16654,769
16655,769
16656,769
16657,769
16658,769
16659,769
16660,769
16661,769
16662,769
16663,769
16664,769
16665,769
16666,769
16667,769
16668,769
16669,769
16670,769
16671,769
16672,769
16673,769
16674,769
16675,769
16676,769
16677,769
16678,769
16679,769
16680,769
16681,769
16682,769
16683,769
16684,769
16685,769
16686,769
16687,769
16688,769
16689,769
16690,769
16691,769
16692,769
16693,769
16694,769
16695,769
16696,769
16697,769
16698,769
16699,769
16700,769
16701,769
16702,769
16703,769
16704,769
16705,769
16706,769
16707,769
16708,769
16709,769
16710,769
16711,769
16712,769
16713,769
16714,769
16715,769
16716,769
16717,769
16718,769
16719,769
16720,769
16721,769
16722,769
16723,769
16724,769
16725,769
16726,769
16727,769
16728,769
16729,769
16730,769
16731,769
16732,769
16733,769
16734,769
16735,769
16736,769
16737,769
16738,769
16739,769
16740,769
16741,769
16742,769
16743,769
16744,769
16745,769
16746,769
16747,769
16748,769
16749,769
16750,769
16751,769
16752,769
16753,769
16754,769
16755,769
16756,769
16757,769
16758,769
16759,769
16760,769
16761,769
16762,769
16763,769
16764,769
16765,769
16766,769
16767,769
16768,769
16769,769
16770,769
16771,769
16772,769
16773,769
16774,769
16775,769
16776,769
16777,769
16778,769
16779,769
16780,769
16781,769
16782,769
16783,769
16784,769
16785,769
16786,769
16787,769
16788,769
16789,769
16790,769
16791,769
16792,769
16793,769
16794,769
16795,769
16796,769
16797,769
16798,769
16799,769
16800,769
16801,769
16802,769
16803,769
16804,769
16805,769
16806,769
16807,769
16808,769
16809,769
16810,769
16811,769
16812,769
16813,769
16814,769
16815,769
16816,769
16817,769
16818,769
16819,769
16820,769
16821,769
16822,769
16823,769
16824,769
16825,769
16826,769
16827,769
16828,769
16829,769
16830,769
16831,769
16832,769
16833,769
16834,769
16835,769
16836,769
16837,769
16838,769
16839,769
16840,769
16841,769
16842,769
16843,769
16844,769
16845,769
16846,769
16847,769
16848,769
16849,769
16850,769
16851,769
16852,769
16853,769
16854,769
16855,769
16856,769
16857,769
16858,769
16859,769
16860,769
16861,769
16862,769
16863,769
16864,769
16865,769
16866,769
16867,769
16868,769
16869,769
16870,769
16871,769
16872,769
16873,769
16874,769
16875,769
16876,769
16877,769
16878,769
16879,769
16880,769
16881,769
16882,769
16883,769
16884,769
16885,769
16886,769
16887,769
16888,769
16889,769
16890,769
16891,769
16892,769
16893,769
16894,769
16895,769
16896,769
16897,769
16898,769
16899,769
16900,769
16901,769
16902,769
16903,769
16904,769
16905,769
16906,769
16907,769
16908,769
16909,769
16910,769
16911,769
16912,769
16913,769
16914,769
16915,769
16916,769
16917,769
16918,769
16919,769
16920,769
16921,769
16922,769
16923,769
16924,769
16925,769
16926,769
16927,769
16928,769
16929,769
16930,769
16931,769
16932,769
16933,769
16934,769
16935,769
16936,769
16937,769
16938,769
16939,769
16940,769
16941,769
16942,769
16943,769
16944,769
16945,769
16946,769
16947,769
16948,769
16949,769
16950,769
16951,769
16952,769
16953,769
16954,769
16955,769
16956,769
16957,769
16958,769
16959,769
16960,769
16961,769
16962,769
16963,769
16964,769
16965,769
16966,769
16967,769
16968,769
16969,769
16970,769
16971,769
16972,769
16973,769
16974,769
16975,769
16976,769
16977,769
16978,769
16979,769
16980,769
16981,769
16982,769
16983,769
16984,769
16985,769
16986,769
16987,769
16988,769
16989,769
16990,769
